seller_id,seller_name,city,state,seller_rating,join_date
1,Seller_00001,Chennai,Delhi,4.14,2022-10-08
2,Seller_00002,Imphal,Telangana,3.01,2024-12-22
3,Seller_00003,Jaipur,Assam,3.62,2022-11-05
4,Seller_00004,Guwahati,Manipur,4.66,2024-01-16
5,Seller_00005,Chennai,Karnataka,4.53,2020-09-08
6,Seller_00006,Guwahati,Maharashtra,3.84,2025-05-22
7,Seller_00007,Kolkata,Assam,4.48,2023-08-02
8,Seller_00008,Guwahati,Tamil Nadu,4.09,2021-01-15
9,Seller_00009,Guwahati,Telangana,3.94,2020-12-10
10,Seller_00010,Bengaluru,Manipur,4.39,2025-01-10
11,Seller_00011,Kolkata,Tamil Nadu,4.97,2021-05-08
12,Seller_00012,Chennai,Manipur,3.3,2021-07-23
13,Seller_00013,Guwahati,Karnataka,3.64,2025-04-13
14,Seller_00014,Bengaluru,Tamil Nadu,4.33,2021-06-01
15,Seller_00015,Hyderabad,Telangana,3.24,2025-12-24
16,Seller_00016,Pune,Karnataka,3.44,2021-03-30
17,Seller_00017,Guwahati,Maharashtra,4.23,2024-09-16
18,Seller_00018,Pune,Delhi,3.79,2023-05-29
19,Seller_00019,Hyderabad,Tamil Nadu,3.63,2021-11-22
20,Seller_00020,Guwahati,Maharashtra,4.0,2025-12-23
21,Seller_00021,Chennai,West Bengal,4.06,2025-07-05
22,Seller_00022,Chennai,Delhi,4.68,2025-06-28
23,Seller_00023,Pune,Tamil Nadu,4.14,2025-01-31
24,Seller_00024,Imphal,Maharashtra,4.26,2021-02-09
25,Seller_00025,Pune,Maharashtra,3.32,2025-08-16
26,Seller_00026,Hyderabad,Delhi,4.34,2025-08-19
27,Seller_00027,Pune,Delhi,4.57,2025-12-02
28,Seller_00028,Delhi,Manipur,4.37,2021-01-16
29,Seller_00029,Mumbai,Tamil Nadu,4.06,2022-03-27
30,Seller_00030,Delhi,West Bengal,4.06,2021-01-25
31,Seller_00031,Jaipur,Maharashtra,4.73,2022-11-08
32,Seller_00032,Guwahati,West Bengal,4.55,2023-03-08
33,Seller_00033,Pune,Karnataka,3.53,2021-02-28
34,Seller_00034,Bengaluru,Delhi,3.82,2022-03-26
35,Seller_00035,Hyderabad,Rajasthan,4.01,2023-01-18
36,Seller_00036,Guwahati,Assam,3.63,2024-08-25
37,Seller_00037,Jaipur,Telangana,4.55,2020-03-11
38,Seller_00038,Guwahati,Assam,4.01,2024-03-18
39,Seller_00039,Imphal,Rajasthan,4.89,2025-02-13
40,Seller_00040,Chennai,Delhi,4.72,2022-04-20
41,Seller_00041,Bengaluru,Karnataka,4.19,2020-01-12
42,Seller_00042,Pune,Assam,3.78,2025-01-03
43,Seller_00043,Chennai,Telangana,3.9,2024-07-11
44,Seller_00044,Chennai,Tamil Nadu,5.0,2022-09-03
45,Seller_00045,Chennai,Telangana,3.61,2025-10-03
46,Seller_00046,Imphal,Telangana,3.79,2020-01-04
47,Seller_00047,Delhi,Assam,4.48,2024-04-11
48,Seller_00048,Delhi,Maharashtra,4.03,2021-11-29
49,Seller_00049,Delhi,Karnataka,4.61,2023-03-05
50,Seller_00050,Chennai,Assam,4.33,2024-03-19
51,Seller_00051,Imphal,Manipur,4.22,2022-08-02
52,Seller_00052,Hyderabad,Delhi,3.59,2024-02-19
53,Seller_00053,Hyderabad,Delhi,4.18,2020-08-08
54,Seller_00054,Kolkata,Telangana,4.05,2024-05-11
55,Seller_00055,Bengaluru,West Bengal,4.54,2021-01-28
56,Seller_00056,Chennai,Telangana,5.0,2022-06-24
57,Seller_00057,Hyderabad,Manipur,3.98,2025-02-10
58,Seller_00058,Imphal,Rajasthan,4.49,2020-03-30
59,Seller_00059,Pune,Manipur,4.4,2024-10-17
60,Seller_00060,Pune,Tamil Nadu,4.31,2024-12-28
61,Seller_00061,Bengaluru,West Bengal,5.0,2021-01-18
62,Seller_00062,Delhi,Maharashtra,4.34,2024-07-18
63,Seller_00063,Pune,Karnataka,4.09,2020-01-30
64,Seller_00064,Mumbai,Karnataka,3.82,2020-06-18
65,Seller_00065,Guwahati,Maharashtra,4.56,2023-12-05
66,Seller_00066,Mumbai,Tamil Nadu,4.46,2022-07-24
67,Seller_00067,Pune,Tamil Nadu,3.05,2020-05-02
68,Seller_00068,Delhi,Karnataka,3.67,2023-10-31
69,Seller_00069,Hyderabad,Rajasthan,4.72,2024-09-22
70,Seller_00070,Bengaluru,Manipur,4.72,2022-05-18
71,Seller_00071,Imphal,Delhi,4.26,2024-09-05
72,Seller_00072,Imphal,Delhi,4.45,2023-10-20
73,Seller_00073,Imphal,Telangana,3.51,2024-08-16
74,Seller_00074,Delhi,Maharashtra,4.11,2020-03-26
75,Seller_00075,Delhi,Telangana,4.5,2020-07-29
76,Seller_00076,Imphal,Maharashtra,4.49,2025-12-15
77,Seller_00077,Imphal,Delhi,4.42,2021-05-11
78,Seller_00078,Jaipur,West Bengal,4.93,2020-02-10
79,Seller_00079,Pune,Tamil Nadu,5.0,2020-11-04
80,Seller_00080,Guwahati,Tamil Nadu,4.14,2023-06-06
81,Seller_00081,Pune,Delhi,4.49,2022-05-07
82,Seller_00082,Guwahati,Assam,4.81,2020-04-07
83,Seller_00083,Pune,Manipur,3.89,2020-09-28
84,Seller_00084,Bengaluru,Telangana,3.92,2021-09-08
85,Seller_00085,Imphal,Assam,4.04,2022-12-23
86,Seller_00086,Mumbai,Delhi,3.62,2024-08-22
87,Seller_00087,Bengaluru,Tamil Nadu,3.97,2021-08-04
88,Seller_00088,Pune,Assam,4.78,2023-01-20
89,Seller_00089,Chennai,Rajasthan,3.66,2020-02-24
90,Seller_00090,Bengaluru,Manipur,3.85,2023-03-13
91,Seller_00091,Chennai,West Bengal,4.92,2023-06-27
92,Seller_00092,Bengaluru,Manipur,4.14,2023-12-14
93,Seller_00093,Bengaluru,Assam,5.0,2023-07-14
94,Seller_00094,Bengaluru,Assam,3.73,2020-09-16
95,Seller_00095,Hyderabad,West Bengal,3.62,2021-04-13
96,Seller_00096,Pune,Manipur,4.41,2020-10-26
97,Seller_00097,Chennai,Rajasthan,3.99,2020-05-31
98,Seller_00098,Kolkata,Assam,4.22,2021-09-04
99,Seller_00099,Jaipur,Telangana,4.55,2025-03-05
100,Seller_00100,Bengaluru,Tamil Nadu,3.82,2021-01-20
101,Seller_00101,Hyderabad,Delhi,4.48,2020-08-15
102,Seller_00102,Kolkata,Manipur,4.69,2022-05-06
103,Seller_00103,Delhi,Karnataka,4.05,2023-02-16
104,Seller_00104,Guwahati,Tamil Nadu,3.76,2023-11-30
105,Seller_00105,Bengaluru,Rajasthan,3.92,2023-01-28
106,Seller_00106,Hyderabad,Karnataka,4.37,2022-02-07
107,Seller_00107,Mumbai,Delhi,4.01,2024-09-22
108,Seller_00108,Mumbai,Karnataka,4.52,2021-05-07
109,Seller_00109,Bengaluru,Tamil Nadu,4.35,2020-04-14
110,Seller_00110,Delhi,Assam,3.74,2025-09-09
111,Seller_00111,Kolkata,Assam,4.27,2020-03-11
112,Seller_00112,Bengaluru,Delhi,3.22,2023-01-28
113,Seller_00113,Chennai,Karnataka,3.83,2024-04-13
114,Seller_00114,Mumbai,Rajasthan,3.68,2023-07-06
115,Seller_00115,Chennai,Manipur,3.46,2025-09-01
116,Seller_00116,Bengaluru,Delhi,4.39,2023-09-09
117,Seller_00117,Jaipur,Rajasthan,4.04,2024-01-13
118,Seller_00118,Delhi,West Bengal,4.48,2020-11-12
119,Seller_00119,Pune,West Bengal,3.81,2022-06-09
120,Seller_00120,Hyderabad,West Bengal,4.12,2020-07-14
121,Seller_00121,Guwahati,Telangana,4.83,2022-10-30
122,Seller_00122,Delhi,Karnataka,3.83,2025-07-22
123,Seller_00123,Guwahati,Manipur,4.75,2024-01-07
124,Seller_00124,Jaipur,Rajasthan,3.68,2025-08-30
125,Seller_00125,Pune,Telangana,4.41,2024-10-21
126,Seller_00126,Guwahati,Delhi,4.7,2022-03-01
127,Seller_00127,Hyderabad,Assam,4.26,2025-09-28
128,Seller_00128,Mumbai,Karnataka,4.53,2022-10-16
129,Seller_00129,Jaipur,Manipur,3.32,2023-02-03
130,Seller_00130,Delhi,Delhi,3.85,2021-07-14
131,Seller_00131,Bengaluru,Karnataka,3.77,2024-06-20
132,Seller_00132,Hyderabad,Manipur,3.99,2024-05-13
133,Seller_00133,Mumbai,Assam,3.76,2020-07-21
134,Seller_00134,Guwahati,Maharashtra,3.22,2021-01-21
135,Seller_00135,Guwahati,Manipur,3.32,2024-05-08
136,Seller_00136,Kolkata,Karnataka,4.33,2024-08-24
137,Seller_00137,Pune,Delhi,4.84,2023-08-13
138,Seller_00138,Kolkata,Maharashtra,4.71,2021-05-20
139,Seller_00139,Guwahati,Delhi,3.99,2025-04-30
140,Seller_00140,Mumbai,Telangana,3.09,2021-07-26
141,Seller_00141,Bengaluru,Tamil Nadu,4.26,2024-10-12
142,Seller_00142,Pune,Assam,4.06,2024-04-15
143,Seller_00143,Jaipur,Delhi,4.17,2020-01-04
144,Seller_00144,Hyderabad,Manipur,3.31,2025-04-22
145,Seller_00145,Hyderabad,Telangana,4.19,2024-02-12
146,Seller_00146,Mumbai,Telangana,3.53,2021-08-12
147,Seller_00147,Imphal,Telangana,4.23,2022-09-08
148,Seller_00148,Jaipur,Karnataka,4.79,2024-04-04
149,Seller_00149,Hyderabad,West Bengal,3.69,2022-09-21
150,Seller_00150,Jaipur,Tamil Nadu,3.59,2022-12-28
151,Seller_00151,Guwahati,Telangana,4.64,2024-03-14
152,Seller_00152,Guwahati,Tamil Nadu,4.48,2022-12-27
153,Seller_00153,Mumbai,Tamil Nadu,4.08,2021-12-14
154,Seller_00154,Bengaluru,Rajasthan,3.48,2020-04-28
155,Seller_00155,Kolkata,Karnataka,3.91,2024-03-16
156,Seller_00156,Bengaluru,Telangana,3.64,2021-02-27
157,Seller_00157,Bengaluru,Delhi,4.15,2025-11-09
158,Seller_00158,Kolkata,Telangana,3.77,2025-05-07
159,Seller_00159,Bengaluru,Maharashtra,3.71,2023-03-01
160,Seller_00160,Jaipur,Assam,3.83,2021-09-08
161,Seller_00161,Imphal,Karnataka,5.0,2022-09-08
162,Seller_00162,Hyderabad,Rajasthan,4.41,2020-12-30
163,Seller_00163,Delhi,Tamil Nadu,4.15,2023-08-13
164,Seller_00164,Mumbai,Assam,4.76,2022-07-13
165,Seller_00165,Jaipur,Assam,3.73,2022-10-12
166,Seller_00166,Pune,Maharashtra,4.18,2025-06-14
167,Seller_00167,Pune,Tamil Nadu,5.0,2024-01-06
168,Seller_00168,Delhi,Maharashtra,4.67,2021-11-23
169,Seller_00169,Pune,Rajasthan,5.0,2020-01-08
170,Seller_00170,Pune,Delhi,4.02,2024-12-06
171,Seller_00171,Mumbai,Delhi,3.35,2022-11-21
172,Seller_00172,Delhi,Telangana,3.49,2025-11-05
173,Seller_00173,Delhi,Rajasthan,4.03,2022-07-05
174,Seller_00174,Kolkata,Rajasthan,4.04,2022-07-19
175,Seller_00175,Mumbai,Assam,4.42,2025-05-25
176,Seller_00176,Jaipur,Karnataka,4.21,2020-01-21
177,Seller_00177,Guwahati,West Bengal,4.79,2023-07-29
178,Seller_00178,Hyderabad,Karnataka,4.02,2023-02-04
179,Seller_00179,Jaipur,Telangana,4.56,2024-01-08
180,Seller_00180,Imphal,Karnataka,3.95,2020-05-27
181,Seller_00181,Mumbai,Manipur,4.33,2022-11-04
182,Seller_00182,Guwahati,Delhi,4.04,2024-02-11
183,Seller_00183,Imphal,Manipur,4.79,2020-11-11
184,Seller_00184,Kolkata,Delhi,4.57,2024-03-22
185,Seller_00185,Hyderabad,Telangana,3.64,2024-07-26
186,Seller_00186,Guwahati,Delhi,5.0,2024-09-30
187,Seller_00187,Hyderabad,Karnataka,4.5,2021-02-07
188,Seller_00188,Bengaluru,Delhi,4.18,2020-07-02
189,Seller_00189,Jaipur,Manipur,4.56,2021-07-28
190,Seller_00190,Pune,Manipur,3.96,2023-12-25
191,Seller_00191,Jaipur,Delhi,4.4,2022-05-22
192,Seller_00192,Pune,Karnataka,3.37,2020-01-08
193,Seller_00193,Delhi,Assam,4.71,2021-12-16
194,Seller_00194,Chennai,Telangana,4.23,2021-01-27
195,Seller_00195,Mumbai,Delhi,4.72,2024-03-08
196,Seller_00196,Imphal,Delhi,3.52,2024-06-23
197,Seller_00197,Imphal,Telangana,3.62,2025-06-28
198,Seller_00198,Hyderabad,Rajasthan,4.87,2022-09-25
199,Seller_00199,Imphal,Manipur,3.42,2021-10-19
200,Seller_00200,Hyderabad,Karnataka,4.88,2023-07-13
201,Seller_00201,Jaipur,Rajasthan,4.18,2023-03-25
202,Seller_00202,Kolkata,Maharashtra,4.0,2025-05-16
203,Seller_00203,Imphal,Telangana,4.55,2023-12-23
204,Seller_00204,Chennai,Manipur,4.22,2020-04-10
205,Seller_00205,Mumbai,Telangana,3.74,2020-02-12
206,Seller_00206,Hyderabad,Karnataka,4.47,2021-05-22
207,Seller_00207,Mumbai,Tamil Nadu,3.82,2025-04-05
208,Seller_00208,Pune,Karnataka,3.49,2024-03-23
209,Seller_00209,Hyderabad,Karnataka,4.02,2020-05-25
210,Seller_00210,Chennai,West Bengal,3.65,2025-02-12
211,Seller_00211,Guwahati,Assam,4.04,2021-10-04
212,Seller_00212,Imphal,West Bengal,4.83,2021-10-15
213,Seller_00213,Hyderabad,Karnataka,4.65,2022-03-02
214,Seller_00214,Delhi,Tamil Nadu,4.48,2023-06-22
215,Seller_00215,Imphal,Telangana,4.36,2021-08-17
216,Seller_00216,Hyderabad,Manipur,4.81,2020-10-17
217,Seller_00217,Jaipur,Assam,4.62,2021-02-22
218,Seller_00218,Bengaluru,West Bengal,4.4,2024-06-10
219,Seller_00219,Delhi,Karnataka,3.29,2020-03-13
220,Seller_00220,Imphal,Rajasthan,3.31,2023-05-11
221,Seller_00221,Bengaluru,West Bengal,3.23,2022-12-03
222,Seller_00222,Hyderabad,West Bengal,4.63,2022-10-07
223,Seller_00223,Jaipur,Tamil Nadu,4.69,2021-07-23
224,Seller_00224,Hyderabad,Manipur,4.0,2023-09-16
225,Seller_00225,Chennai,Maharashtra,3.85,2021-01-29
226,Seller_00226,Kolkata,Assam,3.74,2022-09-05
227,Seller_00227,Imphal,West Bengal,4.23,2024-03-25
228,Seller_00228,Imphal,Assam,3.82,2023-09-23
229,Seller_00229,Kolkata,West Bengal,4.36,2025-08-28
230,Seller_00230,Jaipur,Manipur,3.93,2022-03-25
231,Seller_00231,Delhi,West Bengal,4.41,2020-12-25
232,Seller_00232,Pune,West Bengal,4.58,2020-02-22
233,Seller_00233,Imphal,Delhi,4.26,2023-11-14
234,Seller_00234,Mumbai,Rajasthan,3.63,2025-06-30
235,Seller_00235,Delhi,Rajasthan,4.65,2023-10-12
236,Seller_00236,Kolkata,Assam,3.03,2025-02-19
237,Seller_00237,Kolkata,Telangana,4.47,2025-08-21
238,Seller_00238,Pune,Maharashtra,5.0,2021-06-26
239,Seller_00239,Bengaluru,Rajasthan,3.87,2025-05-27
240,Seller_00240,Guwahati,Maharashtra,3.58,2025-08-02
241,Seller_00241,Kolkata,Rajasthan,3.34,2023-12-22
242,Seller_00242,Hyderabad,Maharashtra,4.34,2021-06-10
243,Seller_00243,Bengaluru,West Bengal,4.01,2024-09-07
244,Seller_00244,Guwahati,West Bengal,4.6,2025-05-12
245,Seller_00245,Pune,Tamil Nadu,3.78,2021-04-08
246,Seller_00246,Imphal,Maharashtra,3.84,2022-09-07
247,Seller_00247,Delhi,Telangana,3.89,2021-04-13
248,Seller_00248,Chennai,Assam,4.4,2022-08-25
249,Seller_00249,Jaipur,Delhi,4.01,2022-04-08
250,Seller_00250,Imphal,Delhi,4.62,2025-04-27
251,Seller_00251,Pune,Delhi,4.76,2023-12-24
252,Seller_00252,Mumbai,Telangana,3.7,2024-01-04
253,Seller_00253,Guwahati,Assam,4.56,2022-11-13
254,Seller_00254,Imphal,Telangana,4.33,2021-08-27
255,Seller_00255,Chennai,Telangana,3.53,2022-10-13
256,Seller_00256,Kolkata,Maharashtra,3.79,2020-01-21
257,Seller_00257,Imphal,Maharashtra,3.66,2021-12-27
258,Seller_00258,Hyderabad,Tamil Nadu,4.91,2021-07-08
259,Seller_00259,Bengaluru,Manipur,3.98,2021-02-16
260,Seller_00260,Bengaluru,Tamil Nadu,3.9,2023-04-27
261,Seller_00261,Pune,Maharashtra,3.53,2025-10-25
262,Seller_00262,Mumbai,Tamil Nadu,3.93,2022-04-01
263,Seller_00263,Chennai,Delhi,4.92,2025-03-10
264,Seller_00264,Chennai,Rajasthan,3.61,2021-12-10
265,Seller_00265,Imphal,Manipur,4.7,2024-12-29
266,Seller_00266,Bengaluru,Karnataka,3.47,2020-11-05
267,Seller_00267,Jaipur,West Bengal,3.59,2021-12-10
268,Seller_00268,Chennai,Telangana,4.82,2021-05-05
269,Seller_00269,Chennai,Telangana,4.26,2022-06-25
270,Seller_00270,Jaipur,Delhi,3.88,2024-06-15
271,Seller_00271,Chennai,West Bengal,4.23,2023-07-22
272,Seller_00272,Mumbai,Assam,4.54,2021-07-31
273,Seller_00273,Mumbai,Delhi,4.17,2024-04-09
274,Seller_00274,Jaipur,Karnataka,3.9,2020-02-10
275,Seller_00275,Hyderabad,Assam,3.48,2021-12-12
276,Seller_00276,Bengaluru,Telangana,3.7,2024-09-20
277,Seller_00277,Delhi,Delhi,3.72,2025-08-18
278,Seller_00278,Delhi,Telangana,3.33,2020-11-26
279,Seller_00279,Imphal,Telangana,3.69,2024-07-16
280,Seller_00280,Bengaluru,Delhi,3.25,2022-02-12
281,Seller_00281,Delhi,Tamil Nadu,4.49,2022-06-24
282,Seller_00282,Chennai,Manipur,3.33,2025-08-25
283,Seller_00283,Imphal,Maharashtra,3.89,2021-03-24
284,Seller_00284,Kolkata,Delhi,4.57,2025-07-25
285,Seller_00285,Pune,Telangana,4.28,2023-04-16
286,Seller_00286,Delhi,Manipur,4.36,2023-09-19
287,Seller_00287,Jaipur,Maharashtra,3.96,2020-07-01
288,Seller_00288,Pune,Assam,4.05,2021-02-25
289,Seller_00289,Jaipur,Rajasthan,3.96,2021-06-03
290,Seller_00290,Kolkata,Rajasthan,4.38,2024-01-23
291,Seller_00291,Kolkata,Delhi,3.97,2021-05-06
292,Seller_00292,Jaipur,Karnataka,4.58,2024-02-07
293,Seller_00293,Kolkata,Telangana,4.01,2022-08-19
294,Seller_00294,Mumbai,Maharashtra,3.6,2020-07-10
295,Seller_00295,Bengaluru,Delhi,3.79,2023-12-10
296,Seller_00296,Hyderabad,Karnataka,4.16,2025-01-15
297,Seller_00297,Guwahati,West Bengal,3.21,2023-06-22
298,Seller_00298,Jaipur,Tamil Nadu,3.69,2021-05-02
299,Seller_00299,Bengaluru,Telangana,4.07,2021-07-28
300,Seller_00300,Kolkata,Telangana,2.82,2024-11-22
301,Seller_00301,Jaipur,Assam,4.33,2021-10-19
302,Seller_00302,Mumbai,Maharashtra,3.74,2023-01-15
303,Seller_00303,Guwahati,Manipur,5.0,2024-05-08
304,Seller_00304,Bengaluru,Tamil Nadu,5.0,2024-08-01
305,Seller_00305,Chennai,Rajasthan,3.62,2025-08-13
306,Seller_00306,Guwahati,Assam,4.07,2022-04-18
307,Seller_00307,Mumbai,Delhi,4.09,2022-03-22
308,Seller_00308,Pune,Delhi,3.9,2021-07-11
309,Seller_00309,Jaipur,Delhi,4.13,2024-05-05
310,Seller_00310,Kolkata,West Bengal,4.4,2023-03-05
311,Seller_00311,Kolkata,Tamil Nadu,4.57,2020-05-31
312,Seller_00312,Mumbai,Karnataka,3.77,2025-07-25
313,Seller_00313,Delhi,Maharashtra,3.8,2021-10-19
314,Seller_00314,Mumbai,Telangana,4.75,2024-10-08
315,Seller_00315,Kolkata,West Bengal,3.69,2021-08-09
316,Seller_00316,Bengaluru,Rajasthan,3.74,2022-10-17
317,Seller_00317,Bengaluru,Telangana,4.81,2020-10-08
318,Seller_00318,Chennai,Delhi,3.97,2025-06-20
319,Seller_00319,Hyderabad,Rajasthan,4.77,2023-11-11
320,Seller_00320,Chennai,Karnataka,4.04,2021-04-30
321,Seller_00321,Kolkata,Assam,4.07,2025-11-25
322,Seller_00322,Hyderabad,Assam,4.17,2025-10-13
323,Seller_00323,Delhi,West Bengal,3.37,2023-11-13
324,Seller_00324,Kolkata,Assam,4.24,2022-02-20
325,Seller_00325,Bengaluru,Maharashtra,4.41,2024-09-01
326,Seller_00326,Pune,Manipur,4.29,2022-04-06
327,Seller_00327,Guwahati,West Bengal,4.83,2023-08-11
328,Seller_00328,Imphal,Assam,4.55,2025-03-31
329,Seller_00329,Kolkata,Karnataka,4.44,2020-06-01
330,Seller_00330,Chennai,Manipur,4.41,2020-12-03
331,Seller_00331,Chennai,Manipur,3.85,2024-06-20
332,Seller_00332,Hyderabad,Assam,4.73,2024-01-02
333,Seller_00333,Jaipur,Delhi,4.05,2022-01-18
334,Seller_00334,Chennai,Karnataka,3.86,2023-02-24
335,Seller_00335,Jaipur,Manipur,4.89,2022-10-14
336,Seller_00336,Pune,Karnataka,4.51,2020-07-08
337,Seller_00337,Chennai,Assam,3.87,2023-04-15
338,Seller_00338,Delhi,Delhi,3.67,2021-04-30
339,Seller_00339,Delhi,West Bengal,3.7,2021-09-29
340,Seller_00340,Jaipur,Maharashtra,5.0,2023-07-05
341,Seller_00341,Pune,Tamil Nadu,3.53,2021-03-24
342,Seller_00342,Jaipur,Delhi,5.0,2025-12-27
343,Seller_00343,Guwahati,West Bengal,4.12,2024-08-15
344,Seller_00344,Hyderabad,Karnataka,4.05,2022-09-11
345,Seller_00345,Delhi,Manipur,3.85,2020-06-15
346,Seller_00346,Guwahati,Rajasthan,3.98,2021-06-20
347,Seller_00347,Kolkata,Maharashtra,3.89,2020-09-15
348,Seller_00348,Guwahati,Assam,4.7,2021-11-13
349,Seller_00349,Bengaluru,Maharashtra,3.78,2023-08-11
350,Seller_00350,Hyderabad,Assam,4.5,2025-08-05
351,Seller_00351,Jaipur,Rajasthan,3.48,2025-03-01
352,Seller_00352,Kolkata,Manipur,4.39,2021-10-04
353,Seller_00353,Guwahati,Delhi,4.0,2020-06-08
354,Seller_00354,Delhi,Telangana,3.74,2023-02-22
355,Seller_00355,Delhi,Delhi,4.23,2020-10-24
356,Seller_00356,Delhi,Tamil Nadu,4.42,2022-08-25
357,Seller_00357,Mumbai,Manipur,4.67,2023-03-29
358,Seller_00358,Kolkata,Delhi,4.4,2020-12-17
359,Seller_00359,Chennai,West Bengal,4.26,2022-03-18
360,Seller_00360,Imphal,Tamil Nadu,4.88,2024-04-30
361,Seller_00361,Guwahati,Assam,4.08,2020-11-24
362,Seller_00362,Jaipur,Manipur,3.93,2025-06-21
363,Seller_00363,Delhi,Delhi,3.64,2024-12-02
364,Seller_00364,Guwahati,West Bengal,5.0,2023-08-30
365,Seller_00365,Mumbai,Manipur,4.8,2021-03-13
366,Seller_00366,Bengaluru,West Bengal,3.47,2020-07-21
367,Seller_00367,Chennai,Manipur,3.55,2023-08-22
368,Seller_00368,Mumbai,Manipur,3.85,2025-03-13
369,Seller_00369,Kolkata,Karnataka,3.53,2021-04-01
370,Seller_00370,Guwahati,Rajasthan,4.09,2021-11-12
371,Seller_00371,Chennai,Telangana,5.0,2020-08-30
372,Seller_00372,Guwahati,Karnataka,4.95,2021-08-09
373,Seller_00373,Mumbai,West Bengal,4.69,2024-08-06
374,Seller_00374,Hyderabad,Delhi,3.52,2021-09-25
375,Seller_00375,Guwahati,Tamil Nadu,3.91,2025-08-16
376,Seller_00376,Imphal,Telangana,4.82,2024-06-11
377,Seller_00377,Delhi,Maharashtra,5.0,2021-02-21
378,Seller_00378,Bengaluru,Karnataka,3.72,2020-10-08
379,Seller_00379,Chennai,Telangana,4.53,2024-06-25
380,Seller_00380,Hyderabad,Tamil Nadu,4.29,2025-11-07
381,Seller_00381,Kolkata,West Bengal,4.0,2025-08-18
382,Seller_00382,Bengaluru,Tamil Nadu,4.19,2020-01-12
383,Seller_00383,Guwahati,Assam,3.38,2023-07-15
384,Seller_00384,Delhi,Assam,3.91,2020-02-01
385,Seller_00385,Kolkata,Manipur,4.72,2022-05-02
386,Seller_00386,Delhi,Karnataka,3.91,2024-09-04
387,Seller_00387,Kolkata,Tamil Nadu,3.7,2024-03-18
388,Seller_00388,Delhi,Manipur,4.72,2025-07-07
389,Seller_00389,Imphal,Karnataka,4.7,2023-10-08
390,Seller_00390,Kolkata,Karnataka,3.3,2024-07-24
391,Seller_00391,Kolkata,Delhi,4.63,2022-11-13
392,Seller_00392,Bengaluru,Assam,4.34,2023-07-06
393,Seller_00393,Guwahati,Telangana,4.06,2021-08-23
394,Seller_00394,Bengaluru,Maharashtra,4.79,2021-09-23
395,Seller_00395,Guwahati,Maharashtra,4.99,2021-05-20
396,Seller_00396,Jaipur,Manipur,4.13,2024-05-03
397,Seller_00397,Jaipur,Tamil Nadu,4.6,2024-08-08
398,Seller_00398,Guwahati,Rajasthan,3.76,2020-03-13
399,Seller_00399,Mumbai,Rajasthan,4.15,2025-10-27
400,Seller_00400,Kolkata,Telangana,3.01,2020-12-31
401,Seller_00401,Mumbai,Delhi,3.35,2021-06-03
402,Seller_00402,Mumbai,Karnataka,4.37,2022-08-23
403,Seller_00403,Guwahati,Telangana,4.13,2020-05-25
404,Seller_00404,Hyderabad,Rajasthan,4.07,2025-07-27
405,Seller_00405,Delhi,Karnataka,3.54,2022-08-13
406,Seller_00406,Bengaluru,Delhi,4.6,2024-07-18
407,Seller_00407,Bengaluru,Assam,4.28,2020-11-02
408,Seller_00408,Imphal,Manipur,4.58,2023-08-04
409,Seller_00409,Jaipur,Tamil Nadu,3.75,2020-05-12
410,Seller_00410,Mumbai,Maharashtra,3.82,2023-03-20
411,Seller_00411,Delhi,Tamil Nadu,3.66,2021-11-25
412,Seller_00412,Hyderabad,Rajasthan,4.86,2024-07-12
413,Seller_00413,Hyderabad,Telangana,3.86,2024-12-31
414,Seller_00414,Pune,Telangana,3.89,2022-01-06
415,Seller_00415,Pune,Rajasthan,4.08,2025-12-18
416,Seller_00416,Delhi,Delhi,4.46,2022-08-07
417,Seller_00417,Imphal,Delhi,4.22,2023-01-01
418,Seller_00418,Hyderabad,Rajasthan,4.84,2020-03-22
419,Seller_00419,Hyderabad,Maharashtra,3.89,2021-02-20
420,Seller_00420,Hyderabad,Tamil Nadu,3.76,2024-04-05
421,Seller_00421,Jaipur,Maharashtra,4.43,2023-12-06
422,Seller_00422,Guwahati,Rajasthan,3.87,2020-01-19
423,Seller_00423,Kolkata,Assam,4.18,2025-03-16
424,Seller_00424,Mumbai,Maharashtra,4.93,2021-07-24
425,Seller_00425,Hyderabad,Maharashtra,3.75,2021-04-15
426,Seller_00426,Mumbai,Assam,4.55,2022-12-03
427,Seller_00427,Hyderabad,Karnataka,4.27,2023-02-02
428,Seller_00428,Jaipur,Tamil Nadu,3.24,2024-03-22
429,Seller_00429,Mumbai,Tamil Nadu,3.37,2023-04-07
430,Seller_00430,Guwahati,West Bengal,4.16,2025-10-01
431,Seller_00431,Guwahati,Maharashtra,4.6,2021-11-30
432,Seller_00432,Bengaluru,Karnataka,3.33,2021-05-26
433,Seller_00433,Kolkata,Manipur,4.08,2024-05-18
434,Seller_00434,Guwahati,Manipur,4.24,2024-07-26
435,Seller_00435,Chennai,Manipur,4.31,2023-12-26
436,Seller_00436,Kolkata,Delhi,3.97,2022-11-10
437,Seller_00437,Guwahati,Telangana,3.73,2021-09-16
438,Seller_00438,Delhi,Maharashtra,3.41,2020-09-18
439,Seller_00439,Bengaluru,Rajasthan,3.86,2022-03-08
440,Seller_00440,Guwahati,Maharashtra,3.51,2023-11-30
441,Seller_00441,Guwahati,Manipur,3.53,2022-03-21
442,Seller_00442,Guwahati,Maharashtra,4.89,2020-01-23
443,Seller_00443,Imphal,Maharashtra,3.6,2021-05-24
444,Seller_00444,Kolkata,Karnataka,4.23,2024-01-12
445,Seller_00445,Imphal,West Bengal,5.0,2025-02-07
446,Seller_00446,Guwahati,Manipur,4.45,2024-08-31
447,Seller_00447,Imphal,Rajasthan,4.28,2022-09-06
448,Seller_00448,Delhi,Karnataka,4.78,2025-10-03
449,Seller_00449,Chennai,Delhi,3.95,2024-12-13
450,Seller_00450,Mumbai,Delhi,4.36,2024-05-01
451,Seller_00451,Hyderabad,Delhi,3.65,2022-02-02
452,Seller_00452,Bengaluru,Delhi,4.12,2025-07-31
453,Seller_00453,Delhi,Manipur,4.11,2025-07-08
454,Seller_00454,Imphal,Delhi,4.03,2024-06-14
455,Seller_00455,Imphal,Maharashtra,4.02,2023-01-25
456,Seller_00456,Bengaluru,Delhi,4.24,2025-11-09
457,Seller_00457,Chennai,Delhi,3.49,2025-02-04
458,Seller_00458,Delhi,Telangana,3.92,2020-02-05
459,Seller_00459,Chennai,Telangana,4.4,2020-03-12
460,Seller_00460,Delhi,Rajasthan,3.4,2021-01-23
461,Seller_00461,Mumbai,Assam,4.62,2024-04-30
462,Seller_00462,Delhi,Tamil Nadu,3.97,2020-02-18
463,Seller_00463,Delhi,Rajasthan,3.35,2022-05-06
464,Seller_00464,Kolkata,Tamil Nadu,4.7,2025-02-03
465,Seller_00465,Jaipur,Telangana,3.45,2022-03-17
466,Seller_00466,Kolkata,Rajasthan,4.44,2025-01-31
467,Seller_00467,Hyderabad,Tamil Nadu,3.56,2021-04-16
468,Seller_00468,Chennai,Karnataka,4.61,2020-09-25
469,Seller_00469,Guwahati,Rajasthan,4.73,2021-04-10
470,Seller_00470,Chennai,Tamil Nadu,3.47,2025-08-30
471,Seller_00471,Mumbai,Delhi,4.46,2025-12-05
472,Seller_00472,Jaipur,Tamil Nadu,3.6,2024-07-24
473,Seller_00473,Bengaluru,Telangana,4.08,2025-09-07
474,Seller_00474,Jaipur,Delhi,3.75,2022-06-15
475,Seller_00475,Jaipur,Rajasthan,3.76,2020-11-17
476,Seller_00476,Kolkata,Manipur,4.07,2025-11-30
477,Seller_00477,Jaipur,West Bengal,3.21,2022-09-30
478,Seller_00478,Jaipur,Tamil Nadu,3.5,2022-10-29
479,Seller_00479,Chennai,West Bengal,4.0,2025-09-08
480,Seller_00480,Hyderabad,West Bengal,4.38,2023-03-26
481,Seller_00481,Imphal,Telangana,3.84,2025-10-22
482,Seller_00482,Mumbai,Maharashtra,3.44,2020-08-31
483,Seller_00483,Kolkata,West Bengal,3.42,2023-11-20
484,Seller_00484,Jaipur,Manipur,3.81,2021-10-08
485,Seller_00485,Bengaluru,Karnataka,4.07,2020-06-30
486,Seller_00486,Guwahati,Assam,3.83,2023-03-29
487,Seller_00487,Hyderabad,Delhi,4.5,2023-04-26
488,Seller_00488,Mumbai,Telangana,4.29,2023-12-06
489,Seller_00489,Jaipur,Assam,3.52,2021-05-16
490,Seller_00490,Pune,Manipur,3.5,2025-09-27
491,Seller_00491,Guwahati,West Bengal,4.2,2021-02-14
492,Seller_00492,Jaipur,West Bengal,3.86,2021-05-02
493,Seller_00493,Mumbai,Maharashtra,4.03,2025-09-17
494,Seller_00494,Hyderabad,Manipur,4.17,2021-01-13
495,Seller_00495,Jaipur,Karnataka,4.17,2021-04-07
496,Seller_00496,Kolkata,Telangana,4.32,2023-12-26
497,Seller_00497,Delhi,Manipur,4.68,2025-10-18
498,Seller_00498,Hyderabad,Telangana,3.95,2020-03-22
499,Seller_00499,Chennai,Tamil Nadu,4.33,2024-02-20
500,Seller_00500,Pune,Rajasthan,3.68,2024-07-21
501,Seller_00501,Imphal,Karnataka,4.59,2020-04-19
502,Seller_00502,Mumbai,West Bengal,4.93,2021-07-26
503,Seller_00503,Imphal,Rajasthan,4.19,2021-11-21
504,Seller_00504,Delhi,Manipur,4.6,2023-05-05
505,Seller_00505,Hyderabad,Telangana,4.15,2024-01-08
506,Seller_00506,Imphal,Maharashtra,5.0,2023-07-22
507,Seller_00507,Bengaluru,Tamil Nadu,3.7,2020-07-09
508,Seller_00508,Pune,Delhi,3.99,2021-03-04
509,Seller_00509,Kolkata,Rajasthan,3.73,2021-01-28
510,Seller_00510,Delhi,West Bengal,3.05,2021-02-27
511,Seller_00511,Bengaluru,Manipur,3.51,2020-01-19
512,Seller_00512,Guwahati,Telangana,3.57,2020-09-25
513,Seller_00513,Delhi,Delhi,3.91,2025-11-30
514,Seller_00514,Hyderabad,West Bengal,4.27,2024-03-04
515,Seller_00515,Hyderabad,Assam,4.24,2020-04-15
516,Seller_00516,Kolkata,West Bengal,4.09,2020-02-23
517,Seller_00517,Mumbai,West Bengal,4.68,2020-05-21
518,Seller_00518,Delhi,Tamil Nadu,4.31,2022-01-17
519,Seller_00519,Pune,Maharashtra,4.42,2024-04-24
520,Seller_00520,Jaipur,Maharashtra,3.55,2025-07-22
521,Seller_00521,Hyderabad,Assam,3.37,2023-07-24
522,Seller_00522,Imphal,Tamil Nadu,3.27,2023-09-18
523,Seller_00523,Delhi,Manipur,3.73,2020-01-24
524,Seller_00524,Jaipur,Assam,4.9,2020-04-17
525,Seller_00525,Kolkata,Telangana,5.0,2022-01-23
526,Seller_00526,Hyderabad,Maharashtra,4.59,2022-02-13
527,Seller_00527,Delhi,Karnataka,3.89,2024-06-22
528,Seller_00528,Hyderabad,Maharashtra,4.37,2020-07-08
529,Seller_00529,Bengaluru,Tamil Nadu,3.94,2021-03-26
530,Seller_00530,Hyderabad,Tamil Nadu,4.03,2025-12-06
531,Seller_00531,Guwahati,Telangana,4.65,2022-04-27
532,Seller_00532,Pune,Delhi,4.32,2022-11-22
533,Seller_00533,Mumbai,Karnataka,4.75,2021-01-07
534,Seller_00534,Bengaluru,Tamil Nadu,3.18,2022-02-18
535,Seller_00535,Guwahati,Assam,3.75,2024-12-21
536,Seller_00536,Imphal,Telangana,3.88,2023-12-16
537,Seller_00537,Bengaluru,Tamil Nadu,3.12,2022-03-26
538,Seller_00538,Imphal,Telangana,3.72,2020-09-14
539,Seller_00539,Kolkata,Karnataka,4.33,2025-05-25
540,Seller_00540,Jaipur,Telangana,4.2,2020-10-28
541,Seller_00541,Bengaluru,Delhi,3.41,2023-04-16
542,Seller_00542,Bengaluru,Karnataka,5.0,2025-01-07
543,Seller_00543,Imphal,Rajasthan,4.12,2020-02-04
544,Seller_00544,Imphal,West Bengal,3.73,2020-08-12
545,Seller_00545,Chennai,Maharashtra,4.72,2023-11-12
546,Seller_00546,Kolkata,Maharashtra,4.21,2022-02-24
547,Seller_00547,Delhi,Delhi,3.74,2023-03-31
548,Seller_00548,Hyderabad,Delhi,4.47,2024-06-03
549,Seller_00549,Mumbai,Delhi,4.89,2022-04-24
550,Seller_00550,Imphal,Assam,4.49,2023-02-09
551,Seller_00551,Chennai,Telangana,3.81,2024-07-14
552,Seller_00552,Guwahati,Telangana,3.47,2020-01-15
553,Seller_00553,Imphal,West Bengal,3.85,2022-06-04
554,Seller_00554,Pune,Telangana,5.0,2024-04-06
555,Seller_00555,Mumbai,Tamil Nadu,4.14,2023-01-06
556,Seller_00556,Jaipur,Karnataka,3.96,2023-04-26
557,Seller_00557,Chennai,Karnataka,4.41,2025-07-25
558,Seller_00558,Mumbai,Rajasthan,4.29,2021-03-15
559,Seller_00559,Pune,Maharashtra,3.98,2023-10-29
560,Seller_00560,Guwahati,Tamil Nadu,3.89,2023-07-02
561,Seller_00561,Mumbai,Tamil Nadu,4.15,2024-11-24
562,Seller_00562,Kolkata,Maharashtra,4.59,2020-07-22
563,Seller_00563,Hyderabad,Tamil Nadu,3.98,2020-12-22
564,Seller_00564,Pune,Tamil Nadu,4.35,2021-01-10
565,Seller_00565,Guwahati,Assam,3.99,2021-04-30
566,Seller_00566,Delhi,Assam,4.68,2025-05-31
567,Seller_00567,Guwahati,Rajasthan,3.68,2024-11-24
568,Seller_00568,Guwahati,Delhi,4.12,2024-06-03
569,Seller_00569,Pune,West Bengal,4.11,2021-06-01
570,Seller_00570,Bengaluru,West Bengal,4.13,2025-07-08
571,Seller_00571,Imphal,Manipur,4.09,2021-09-23
572,Seller_00572,Chennai,Assam,3.76,2021-01-16
573,Seller_00573,Kolkata,Tamil Nadu,4.09,2020-11-29
574,Seller_00574,Chennai,Maharashtra,4.4,2021-09-06
575,Seller_00575,Mumbai,West Bengal,4.75,2025-08-03
576,Seller_00576,Hyderabad,Tamil Nadu,4.17,2021-06-05
577,Seller_00577,Hyderabad,Tamil Nadu,3.73,2022-12-31
578,Seller_00578,Imphal,Manipur,4.63,2024-02-03
579,Seller_00579,Pune,Manipur,3.63,2022-06-29
580,Seller_00580,Mumbai,Karnataka,4.41,2022-10-11
581,Seller_00581,Kolkata,West Bengal,4.57,2025-05-11
582,Seller_00582,Delhi,Manipur,4.36,2024-11-16
583,Seller_00583,Chennai,West Bengal,4.02,2024-01-08
584,Seller_00584,Kolkata,Telangana,3.93,2020-01-06
585,Seller_00585,Chennai,Rajasthan,4.63,2021-02-23
586,Seller_00586,Bengaluru,Manipur,3.92,2022-05-31
587,Seller_00587,Hyderabad,Maharashtra,3.53,2021-08-11
588,Seller_00588,Imphal,Rajasthan,3.9,2023-01-04
589,Seller_00589,Imphal,Assam,3.61,2024-05-10
590,Seller_00590,Guwahati,Maharashtra,4.19,2023-10-23
591,Seller_00591,Pune,Telangana,4.2,2024-10-05
592,Seller_00592,Pune,Maharashtra,4.02,2022-11-29
593,Seller_00593,Hyderabad,Karnataka,4.18,2025-01-22
594,Seller_00594,Pune,Manipur,4.17,2021-02-06
595,Seller_00595,Hyderabad,West Bengal,4.86,2020-09-24
596,Seller_00596,Hyderabad,Tamil Nadu,3.71,2020-01-06
597,Seller_00597,Guwahati,Karnataka,4.43,2021-09-16
598,Seller_00598,Mumbai,Manipur,4.13,2022-03-15
599,Seller_00599,Bengaluru,Karnataka,4.09,2021-04-30
600,Seller_00600,Bengaluru,West Bengal,3.75,2025-09-06
601,Seller_00601,Imphal,Assam,3.7,2022-04-11
602,Seller_00602,Pune,Tamil Nadu,4.23,2023-05-14
603,Seller_00603,Bengaluru,Manipur,4.13,2021-07-10
604,Seller_00604,Pune,Rajasthan,3.8,2021-04-10
605,Seller_00605,Pune,Karnataka,3.86,2020-11-23
606,Seller_00606,Jaipur,Tamil Nadu,4.13,2024-07-16
607,Seller_00607,Guwahati,Rajasthan,4.86,2023-03-27
608,Seller_00608,Jaipur,Assam,3.75,2021-06-11
609,Seller_00609,Delhi,Rajasthan,3.26,2024-06-30
610,Seller_00610,Pune,Tamil Nadu,4.01,2023-06-13
611,Seller_00611,Jaipur,Assam,4.21,2020-08-16
612,Seller_00612,Pune,Telangana,3.83,2022-12-26
613,Seller_00613,Jaipur,Telangana,4.03,2020-01-11
614,Seller_00614,Jaipur,Manipur,3.86,2023-03-13
615,Seller_00615,Mumbai,Delhi,4.28,2021-12-02
616,Seller_00616,Kolkata,Tamil Nadu,4.31,2022-06-21
617,Seller_00617,Chennai,Tamil Nadu,4.88,2021-12-09
618,Seller_00618,Delhi,Delhi,3.95,2025-03-25
619,Seller_00619,Delhi,Assam,4.37,2024-06-11
620,Seller_00620,Bengaluru,West Bengal,3.63,2024-02-11
621,Seller_00621,Guwahati,Tamil Nadu,4.21,2023-08-03
622,Seller_00622,Delhi,Manipur,4.1,2025-05-20
623,Seller_00623,Kolkata,West Bengal,4.13,2025-02-14
624,Seller_00624,Mumbai,Telangana,2.79,2025-06-16
625,Seller_00625,Chennai,Tamil Nadu,3.96,2022-11-13
626,Seller_00626,Delhi,Delhi,3.49,2024-12-15
627,Seller_00627,Imphal,Karnataka,4.95,2024-09-13
628,Seller_00628,Bengaluru,Maharashtra,5.0,2025-07-31
629,Seller_00629,Guwahati,Karnataka,3.88,2025-10-09
630,Seller_00630,Chennai,Telangana,3.6,2024-04-01
631,Seller_00631,Guwahati,Karnataka,3.79,2023-01-10
632,Seller_00632,Imphal,Karnataka,3.89,2022-10-18
633,Seller_00633,Mumbai,Assam,4.13,2020-12-22
634,Seller_00634,Chennai,Karnataka,4.56,2024-03-04
635,Seller_00635,Delhi,West Bengal,3.24,2020-07-17
636,Seller_00636,Chennai,Rajasthan,4.18,2022-05-13
637,Seller_00637,Pune,Delhi,3.47,2020-10-19
638,Seller_00638,Hyderabad,Telangana,3.58,2021-11-05
639,Seller_00639,Pune,Rajasthan,3.36,2025-09-13
640,Seller_00640,Chennai,Manipur,3.38,2024-02-22
641,Seller_00641,Hyderabad,Rajasthan,3.0,2022-04-27
642,Seller_00642,Guwahati,Telangana,4.4,2021-05-23
643,Seller_00643,Chennai,Karnataka,3.84,2023-06-01
644,Seller_00644,Guwahati,Telangana,3.14,2023-10-10
645,Seller_00645,Chennai,Maharashtra,3.72,2020-11-06
646,Seller_00646,Guwahati,Karnataka,4.14,2020-07-24
647,Seller_00647,Chennai,Maharashtra,4.21,2023-12-08
648,Seller_00648,Bengaluru,Manipur,4.06,2025-12-26
649,Seller_00649,Delhi,Maharashtra,4.26,2024-03-30
650,Seller_00650,Bengaluru,Rajasthan,4.05,2021-03-25
651,Seller_00651,Delhi,Tamil Nadu,4.11,2023-11-23
652,Seller_00652,Mumbai,Tamil Nadu,3.63,2020-10-16
653,Seller_00653,Chennai,Rajasthan,4.15,2020-09-03
654,Seller_00654,Hyderabad,Rajasthan,4.3,2025-08-12
655,Seller_00655,Bengaluru,West Bengal,4.57,2021-11-23
656,Seller_00656,Pune,Manipur,3.44,2024-09-05
657,Seller_00657,Imphal,Manipur,3.18,2020-02-07
658,Seller_00658,Chennai,Rajasthan,3.79,2021-06-07
659,Seller_00659,Jaipur,West Bengal,4.1,2020-01-27
660,Seller_00660,Hyderabad,West Bengal,3.76,2021-03-20
661,Seller_00661,Kolkata,Rajasthan,3.67,2022-12-23
662,Seller_00662,Chennai,West Bengal,4.15,2022-04-07
663,Seller_00663,Mumbai,Karnataka,4.49,2021-01-10
664,Seller_00664,Delhi,Assam,5.0,2024-08-30
665,Seller_00665,Jaipur,Delhi,4.51,2021-04-08
666,Seller_00666,Imphal,Maharashtra,4.65,2021-09-28
667,Seller_00667,Kolkata,Delhi,4.44,2021-06-18
668,Seller_00668,Chennai,Telangana,4.25,2023-03-17
669,Seller_00669,Delhi,Assam,4.03,2022-01-28
670,Seller_00670,Guwahati,Tamil Nadu,4.55,2023-08-22
671,Seller_00671,Imphal,West Bengal,4.13,2021-09-10
672,Seller_00672,Delhi,Rajasthan,4.4,2021-12-09
673,Seller_00673,Mumbai,West Bengal,3.6,2021-11-12
674,Seller_00674,Pune,Telangana,4.19,2025-05-15
675,Seller_00675,Delhi,Telangana,4.02,2020-05-02
676,Seller_00676,Kolkata,Maharashtra,4.7,2023-07-25
677,Seller_00677,Chennai,Tamil Nadu,3.42,2021-08-11
678,Seller_00678,Jaipur,Assam,4.8,2024-01-18
679,Seller_00679,Mumbai,Telangana,3.72,2023-09-29
680,Seller_00680,Delhi,Tamil Nadu,4.93,2020-11-16
681,Seller_00681,Kolkata,Maharashtra,4.78,2021-11-06
682,Seller_00682,Pune,Telangana,4.36,2025-03-13
683,Seller_00683,Imphal,Karnataka,3.22,2023-02-21
684,Seller_00684,Kolkata,Karnataka,4.12,2021-04-11
685,Seller_00685,Mumbai,West Bengal,4.69,2020-11-05
686,Seller_00686,Mumbai,Rajasthan,3.35,2023-07-12
687,Seller_00687,Pune,Tamil Nadu,3.7,2021-03-20
688,Seller_00688,Pune,West Bengal,4.27,2022-03-31
689,Seller_00689,Imphal,West Bengal,4.2,2021-08-21
690,Seller_00690,Guwahati,Tamil Nadu,4.19,2022-06-20
691,Seller_00691,Chennai,Maharashtra,4.48,2025-04-23
692,Seller_00692,Bengaluru,Assam,3.95,2022-01-14
693,Seller_00693,Jaipur,Tamil Nadu,4.57,2024-04-18
694,Seller_00694,Bengaluru,Maharashtra,4.22,2025-10-24
695,Seller_00695,Pune,Manipur,4.05,2025-12-24
696,Seller_00696,Kolkata,Rajasthan,4.03,2023-05-20
697,Seller_00697,Jaipur,Karnataka,4.84,2023-08-23
698,Seller_00698,Pune,Karnataka,4.39,2021-01-21
699,Seller_00699,Mumbai,Maharashtra,3.52,2025-07-31
700,Seller_00700,Chennai,Rajasthan,4.0,2025-02-01
701,Seller_00701,Guwahati,Rajasthan,4.55,2025-04-29
702,Seller_00702,Jaipur,West Bengal,4.12,2023-08-26
703,Seller_00703,Mumbai,Rajasthan,4.23,2023-07-26
704,Seller_00704,Guwahati,Karnataka,4.06,2023-04-04
705,Seller_00705,Guwahati,Delhi,4.31,2021-09-10
706,Seller_00706,Jaipur,Tamil Nadu,3.33,2020-10-02
707,Seller_00707,Mumbai,Karnataka,5.0,2020-11-10
708,Seller_00708,Mumbai,Rajasthan,4.56,2022-12-20
709,Seller_00709,Pune,West Bengal,3.59,2020-12-06
710,Seller_00710,Hyderabad,West Bengal,4.36,2023-06-30
711,Seller_00711,Imphal,Assam,3.42,2025-08-04
712,Seller_00712,Kolkata,Maharashtra,3.89,2020-04-04
713,Seller_00713,Kolkata,Delhi,4.74,2022-08-09
714,Seller_00714,Mumbai,Karnataka,3.68,2022-03-12
715,Seller_00715,Kolkata,Tamil Nadu,3.43,2022-05-19
716,Seller_00716,Chennai,Delhi,4.29,2020-10-24
717,Seller_00717,Pune,Telangana,4.1,2023-02-28
718,Seller_00718,Kolkata,Manipur,3.84,2022-03-18
719,Seller_00719,Imphal,Rajasthan,4.02,2022-12-27
720,Seller_00720,Bengaluru,West Bengal,4.4,2024-02-05
721,Seller_00721,Chennai,Manipur,4.59,2020-03-03
722,Seller_00722,Chennai,West Bengal,4.13,2020-08-16
723,Seller_00723,Bengaluru,West Bengal,3.99,2024-05-05
724,Seller_00724,Delhi,Assam,4.41,2022-12-22
725,Seller_00725,Kolkata,Assam,4.53,2022-09-16
726,Seller_00726,Delhi,Tamil Nadu,4.33,2024-01-10
727,Seller_00727,Pune,West Bengal,4.54,2021-11-13
728,Seller_00728,Kolkata,Delhi,3.63,2022-03-30
729,Seller_00729,Chennai,Tamil Nadu,4.49,2022-08-26
730,Seller_00730,Hyderabad,Tamil Nadu,3.35,2023-04-14
731,Seller_00731,Jaipur,Rajasthan,3.08,2020-03-06
732,Seller_00732,Hyderabad,Maharashtra,3.73,2025-09-08
733,Seller_00733,Guwahati,Maharashtra,4.17,2022-02-16
734,Seller_00734,Jaipur,Tamil Nadu,4.26,2024-06-03
735,Seller_00735,Delhi,Assam,3.97,2022-05-28
736,Seller_00736,Guwahati,Manipur,4.36,2025-07-05
737,Seller_00737,Mumbai,Manipur,4.62,2024-01-29
738,Seller_00738,Mumbai,Assam,4.44,2024-12-01
739,Seller_00739,Guwahati,West Bengal,4.64,2020-04-12
740,Seller_00740,Guwahati,Assam,3.53,2023-04-03
741,Seller_00741,Pune,West Bengal,4.66,2021-07-12
742,Seller_00742,Chennai,Karnataka,3.88,2025-03-16
743,Seller_00743,Bengaluru,Telangana,5.0,2022-10-18
744,Seller_00744,Guwahati,Rajasthan,3.99,2023-07-09
745,Seller_00745,Pune,Manipur,3.37,2025-03-30
746,Seller_00746,Bengaluru,Maharashtra,3.78,2024-12-02
747,Seller_00747,Jaipur,Maharashtra,4.75,2020-06-21
748,Seller_00748,Bengaluru,Tamil Nadu,3.52,2021-02-14
749,Seller_00749,Mumbai,Karnataka,4.19,2022-09-26
750,Seller_00750,Imphal,Assam,4.58,2025-06-23
751,Seller_00751,Delhi,Manipur,3.92,2023-10-03
752,Seller_00752,Delhi,Delhi,4.15,2023-02-21
753,Seller_00753,Imphal,Tamil Nadu,4.23,2025-08-31
754,Seller_00754,Pune,Assam,3.3,2022-01-28
755,Seller_00755,Mumbai,Assam,4.22,2025-01-20
756,Seller_00756,Guwahati,Telangana,4.14,2021-02-22
757,Seller_00757,Pune,Telangana,4.43,2024-06-18
758,Seller_00758,Guwahati,Tamil Nadu,4.38,2024-02-11
759,Seller_00759,Delhi,Karnataka,3.86,2023-01-12
760,Seller_00760,Delhi,Telangana,4.28,2023-07-05
761,Seller_00761,Kolkata,West Bengal,4.39,2022-09-22
762,Seller_00762,Chennai,Karnataka,4.09,2023-10-21
763,Seller_00763,Kolkata,Delhi,3.21,2022-08-29
764,Seller_00764,Delhi,Delhi,4.6,2025-02-10
765,Seller_00765,Jaipur,Karnataka,3.41,2021-04-13
766,Seller_00766,Kolkata,Manipur,3.66,2025-05-01
767,Seller_00767,Bengaluru,Assam,3.37,2024-06-12
768,Seller_00768,Hyderabad,Telangana,3.63,2021-07-21
769,Seller_00769,Delhi,Tamil Nadu,4.18,2022-01-03
770,Seller_00770,Hyderabad,Delhi,3.92,2022-08-31
771,Seller_00771,Bengaluru,Telangana,4.27,2022-11-19
772,Seller_00772,Jaipur,Karnataka,4.9,2024-06-01
773,Seller_00773,Delhi,Karnataka,3.41,2022-04-08
774,Seller_00774,Delhi,Maharashtra,4.8,2022-02-25
775,Seller_00775,Delhi,Delhi,3.96,2022-09-20
776,Seller_00776,Guwahati,Tamil Nadu,4.22,2021-01-12
777,Seller_00777,Kolkata,Karnataka,4.25,2025-08-04
778,Seller_00778,Jaipur,Maharashtra,4.23,2024-10-09
779,Seller_00779,Imphal,West Bengal,4.6,2021-08-06
780,Seller_00780,Chennai,Maharashtra,4.52,2021-09-11
781,Seller_00781,Guwahati,Delhi,4.31,2024-02-29
782,Seller_00782,Delhi,Manipur,4.23,2024-07-21
783,Seller_00783,Pune,Telangana,3.58,2021-02-10
784,Seller_00784,Hyderabad,Manipur,4.35,2021-03-09
785,Seller_00785,Delhi,Delhi,4.12,2024-12-04
786,Seller_00786,Kolkata,Maharashtra,4.06,2020-02-07
787,Seller_00787,Pune,Tamil Nadu,3.93,2021-03-29
788,Seller_00788,Hyderabad,Telangana,3.47,2024-07-11
789,Seller_00789,Jaipur,Rajasthan,3.81,2022-07-30
790,Seller_00790,Chennai,Telangana,3.57,2023-07-29
791,Seller_00791,Delhi,Assam,4.06,2020-08-14
792,Seller_00792,Chennai,Maharashtra,4.36,2022-07-20
793,Seller_00793,Imphal,Telangana,4.0,2021-02-22
794,Seller_00794,Guwahati,West Bengal,3.83,2024-07-19
795,Seller_00795,Mumbai,Telangana,3.43,2020-07-25
796,Seller_00796,Hyderabad,Tamil Nadu,4.24,2020-10-30
797,Seller_00797,Chennai,Delhi,4.49,2021-07-13
798,Seller_00798,Guwahati,Delhi,4.21,2020-09-03
799,Seller_00799,Chennai,Manipur,4.09,2024-08-17
800,Seller_00800,Chennai,Tamil Nadu,4.02,2024-08-22
801,Seller_00801,Imphal,Maharashtra,4.83,2020-12-04
802,Seller_00802,Chennai,Assam,3.89,2021-12-22
803,Seller_00803,Jaipur,Tamil Nadu,4.14,2021-05-17
804,Seller_00804,Hyderabad,West Bengal,4.75,2020-09-13
805,Seller_00805,Mumbai,Manipur,3.63,2021-12-24
806,Seller_00806,Chennai,Manipur,4.18,2021-10-13
807,Seller_00807,Hyderabad,Assam,2.82,2021-10-13
808,Seller_00808,Imphal,West Bengal,3.89,2021-10-22
809,Seller_00809,Chennai,Rajasthan,5.0,2024-12-02
810,Seller_00810,Imphal,West Bengal,4.1,2025-10-28
811,Seller_00811,Delhi,Manipur,3.61,2020-12-28
812,Seller_00812,Pune,Rajasthan,4.05,2024-12-31
813,Seller_00813,Guwahati,Maharashtra,3.89,2024-03-30
814,Seller_00814,Imphal,Manipur,4.74,2025-01-09
815,Seller_00815,Delhi,Rajasthan,3.69,2023-03-01
816,Seller_00816,Mumbai,Telangana,4.52,2025-10-05
817,Seller_00817,Imphal,Rajasthan,4.22,2020-04-10
818,Seller_00818,Imphal,Telangana,3.55,2021-11-18
819,Seller_00819,Kolkata,Delhi,4.39,2022-05-18
820,Seller_00820,Imphal,Telangana,4.33,2023-08-24
821,Seller_00821,Kolkata,Manipur,3.63,2025-02-18
822,Seller_00822,Guwahati,Manipur,4.41,2021-02-18
823,Seller_00823,Jaipur,Rajasthan,3.83,2020-03-08
824,Seller_00824,Mumbai,Rajasthan,4.02,2022-04-23
825,Seller_00825,Delhi,Telangana,3.74,2022-06-09
826,Seller_00826,Bengaluru,Telangana,4.29,2023-05-04
827,Seller_00827,Imphal,Manipur,3.88,2025-10-18
828,Seller_00828,Chennai,Manipur,4.69,2024-10-06
829,Seller_00829,Kolkata,Rajasthan,3.66,2022-07-18
830,Seller_00830,Delhi,Assam,4.44,2024-04-16
831,Seller_00831,Guwahati,Assam,3.8,2024-02-06
832,Seller_00832,Hyderabad,Tamil Nadu,3.6,2022-06-12
833,Seller_00833,Kolkata,Manipur,3.68,2022-02-05
834,Seller_00834,Bengaluru,Delhi,4.01,2023-08-03
835,Seller_00835,Kolkata,Maharashtra,4.56,2024-01-20
836,Seller_00836,Hyderabad,Manipur,3.4,2023-08-29
837,Seller_00837,Chennai,Delhi,3.8,2023-06-27
838,Seller_00838,Delhi,Manipur,4.75,2024-01-11
839,Seller_00839,Pune,Delhi,5.0,2025-01-11
840,Seller_00840,Kolkata,Manipur,3.03,2024-06-19
841,Seller_00841,Imphal,Assam,3.86,2021-02-19
842,Seller_00842,Delhi,Tamil Nadu,4.06,2020-01-23
843,Seller_00843,Chennai,Rajasthan,3.39,2022-05-26
844,Seller_00844,Chennai,Maharashtra,4.07,2021-07-20
845,Seller_00845,Guwahati,Assam,3.84,2022-02-13
846,Seller_00846,Mumbai,Rajasthan,4.16,2022-12-18
847,Seller_00847,Bengaluru,Rajasthan,3.63,2023-01-26
848,Seller_00848,Kolkata,Assam,4.51,2025-05-29
849,Seller_00849,Imphal,Manipur,5.0,2020-12-23
850,Seller_00850,Jaipur,Assam,4.73,2022-08-04
851,Seller_00851,Pune,Telangana,4.51,2024-07-14
852,Seller_00852,Hyderabad,Assam,5.0,2024-08-15
853,Seller_00853,Delhi,Telangana,4.37,2025-11-04
854,Seller_00854,Chennai,Rajasthan,3.06,2022-11-06
855,Seller_00855,Pune,Karnataka,4.37,2025-10-29
856,Seller_00856,Chennai,Telangana,4.32,2024-02-04
857,Seller_00857,Pune,Delhi,4.5,2025-08-21
858,Seller_00858,Kolkata,Maharashtra,3.29,2020-07-07
859,Seller_00859,Delhi,Maharashtra,4.11,2025-07-10
860,Seller_00860,Mumbai,Karnataka,4.25,2022-04-15
861,Seller_00861,Guwahati,Telangana,3.98,2023-07-25
862,Seller_00862,Hyderabad,Assam,3.33,2024-11-17
863,Seller_00863,Mumbai,Telangana,5.0,2021-08-27
864,Seller_00864,Pune,Maharashtra,3.85,2024-07-28
865,Seller_00865,Kolkata,Karnataka,4.52,2020-11-12
866,Seller_00866,Chennai,West Bengal,4.75,2025-03-04
867,Seller_00867,Bengaluru,Delhi,4.03,2024-01-05
868,Seller_00868,Kolkata,Tamil Nadu,4.53,2024-06-12
869,Seller_00869,Kolkata,Karnataka,3.42,2025-02-06
870,Seller_00870,Chennai,Assam,4.8,2022-02-20
871,Seller_00871,Hyderabad,Rajasthan,3.53,2022-09-03
872,Seller_00872,Bengaluru,Telangana,4.4,2022-10-02
873,Seller_00873,Pune,Tamil Nadu,4.81,2023-07-29
874,Seller_00874,Guwahati,Maharashtra,3.91,2021-03-29
875,Seller_00875,Hyderabad,Delhi,4.21,2024-12-01
876,Seller_00876,Jaipur,Assam,4.42,2025-03-09
877,Seller_00877,Delhi,Assam,4.21,2020-01-13
878,Seller_00878,Hyderabad,Assam,4.84,2025-02-22
879,Seller_00879,Mumbai,Telangana,3.86,2022-05-03
880,Seller_00880,Chennai,Maharashtra,4.62,2020-02-20
881,Seller_00881,Mumbai,Rajasthan,4.59,2021-05-04
882,Seller_00882,Jaipur,Karnataka,3.94,2020-01-19
883,Seller_00883,Kolkata,Maharashtra,4.18,2021-03-25
884,Seller_00884,Jaipur,Manipur,3.83,2022-05-25
885,Seller_00885,Chennai,Rajasthan,4.51,2022-09-13
886,Seller_00886,Imphal,Maharashtra,4.81,2022-04-24
887,Seller_00887,Jaipur,Manipur,4.11,2023-05-01
888,Seller_00888,Mumbai,Karnataka,3.6,2022-04-29
889,Seller_00889,Mumbai,Karnataka,4.07,2024-04-17
890,Seller_00890,Bengaluru,Rajasthan,3.24,2023-10-28
891,Seller_00891,Delhi,West Bengal,4.24,2024-04-25
892,Seller_00892,Guwahati,Delhi,3.64,2024-07-22
893,Seller_00893,Imphal,Maharashtra,3.94,2021-06-04
894,Seller_00894,Hyderabad,Maharashtra,4.07,2022-06-20
895,Seller_00895,Hyderabad,Telangana,4.39,2020-07-23
896,Seller_00896,Mumbai,Tamil Nadu,4.36,2020-10-20
897,Seller_00897,Chennai,West Bengal,3.95,2023-01-28
898,Seller_00898,Pune,Tamil Nadu,4.22,2024-08-21
899,Seller_00899,Jaipur,Delhi,3.5,2020-11-03
900,Seller_00900,Guwahati,Delhi,3.74,2020-08-05
901,Seller_00901,Guwahati,Manipur,3.61,2022-10-14
902,Seller_00902,Jaipur,Maharashtra,3.71,2023-09-25
903,Seller_00903,Chennai,Tamil Nadu,4.75,2025-03-25
904,Seller_00904,Hyderabad,Maharashtra,4.25,2021-09-03
905,Seller_00905,Bengaluru,Assam,4.71,2023-02-27
906,Seller_00906,Hyderabad,Karnataka,5.0,2021-07-24
907,Seller_00907,Pune,Telangana,3.9,2025-11-16
908,Seller_00908,Mumbai,West Bengal,4.42,2020-09-05
909,Seller_00909,Mumbai,Delhi,3.58,2025-12-08
910,Seller_00910,Jaipur,Maharashtra,4.73,2024-07-03
911,Seller_00911,Bengaluru,Delhi,4.18,2020-11-20
912,Seller_00912,Mumbai,Tamil Nadu,4.38,2024-01-27
913,Seller_00913,Kolkata,Delhi,4.2,2020-10-12
914,Seller_00914,Hyderabad,Manipur,3.32,2020-06-28
915,Seller_00915,Imphal,West Bengal,4.14,2021-07-13
916,Seller_00916,Delhi,Delhi,4.69,2022-12-16
917,Seller_00917,Delhi,Karnataka,4.17,2023-08-01
918,Seller_00918,Kolkata,Assam,4.32,2025-12-09
919,Seller_00919,Chennai,Rajasthan,3.65,2025-11-03
920,Seller_00920,Mumbai,Tamil Nadu,4.39,2025-08-28
921,Seller_00921,Guwahati,Manipur,4.43,2020-04-01
922,Seller_00922,Bengaluru,Manipur,4.81,2020-11-04
923,Seller_00923,Mumbai,Telangana,3.75,2021-01-06
924,Seller_00924,Kolkata,Telangana,4.4,2023-09-26
925,Seller_00925,Hyderabad,Telangana,4.54,2022-07-03
926,Seller_00926,Delhi,West Bengal,4.51,2023-04-10
927,Seller_00927,Guwahati,Telangana,4.35,2023-02-19
928,Seller_00928,Kolkata,Telangana,3.32,2023-10-04
929,Seller_00929,Kolkata,Tamil Nadu,3.38,2025-04-29
930,Seller_00930,Kolkata,Karnataka,3.17,2020-06-05
931,Seller_00931,Jaipur,West Bengal,3.85,2020-12-31
932,Seller_00932,Mumbai,Tamil Nadu,3.71,2024-12-02
933,Seller_00933,Pune,Rajasthan,4.76,2025-05-17
934,Seller_00934,Guwahati,Karnataka,3.7,2021-09-16
935,Seller_00935,Pune,Maharashtra,3.97,2021-02-13
936,Seller_00936,Chennai,Tamil Nadu,4.19,2025-01-09
937,Seller_00937,Hyderabad,Delhi,3.79,2020-09-10
938,Seller_00938,Kolkata,Tamil Nadu,4.63,2021-05-12
939,Seller_00939,Mumbai,Delhi,4.24,2020-12-25
940,Seller_00940,Mumbai,Manipur,4.88,2022-11-10
941,Seller_00941,Kolkata,Karnataka,4.32,2021-02-14
942,Seller_00942,Mumbai,Rajasthan,3.38,2023-05-19
943,Seller_00943,Kolkata,Delhi,3.97,2023-11-29
944,Seller_00944,Jaipur,Telangana,3.91,2020-01-15
945,Seller_00945,Chennai,Karnataka,4.6,2021-12-04
946,Seller_00946,Pune,Assam,4.66,2021-04-06
947,Seller_00947,Delhi,Rajasthan,3.5,2020-11-17
948,Seller_00948,Mumbai,Delhi,4.28,2024-03-04
949,Seller_00949,Imphal,West Bengal,4.91,2023-03-06
950,Seller_00950,Pune,Assam,4.63,2020-06-08
951,Seller_00951,Jaipur,Telangana,4.79,2022-11-13
952,Seller_00952,Jaipur,Telangana,4.43,2021-11-26
953,Seller_00953,Hyderabad,West Bengal,3.9,2020-12-18
954,Seller_00954,Delhi,West Bengal,4.11,2023-07-27
955,Seller_00955,Hyderabad,Rajasthan,3.25,2022-03-15
956,Seller_00956,Chennai,Maharashtra,3.7,2024-11-18
957,Seller_00957,Pune,Assam,3.42,2024-05-21
958,Seller_00958,Mumbai,Tamil Nadu,3.12,2020-09-22
959,Seller_00959,Kolkata,Assam,3.75,2024-05-08
960,Seller_00960,Bengaluru,Rajasthan,4.32,2025-04-04
961,Seller_00961,Imphal,Delhi,3.4,2021-06-10
962,Seller_00962,Chennai,Delhi,4.75,2021-07-15
963,Seller_00963,Kolkata,Karnataka,4.63,2021-02-06
964,Seller_00964,Jaipur,West Bengal,3.97,2023-11-15
965,Seller_00965,Bengaluru,West Bengal,4.11,2023-05-08
966,Seller_00966,Kolkata,Tamil Nadu,3.72,2025-02-08
967,Seller_00967,Bengaluru,Karnataka,3.53,2025-07-30
968,Seller_00968,Jaipur,Maharashtra,4.11,2020-06-17
969,Seller_00969,Guwahati,Delhi,4.19,2021-08-28
970,Seller_00970,Guwahati,Manipur,4.37,2021-05-26
971,Seller_00971,Kolkata,West Bengal,3.82,2024-06-29
972,Seller_00972,Imphal,Manipur,3.59,2021-01-29
973,Seller_00973,Chennai,Maharashtra,4.8,2022-03-26
974,Seller_00974,Chennai,Tamil Nadu,3.7,2020-10-26
975,Seller_00975,Pune,West Bengal,4.29,2022-12-11
976,Seller_00976,Guwahati,Telangana,3.88,2020-07-01
977,Seller_00977,Guwahati,Delhi,5.0,2024-04-15
978,Seller_00978,Delhi,Maharashtra,3.98,2022-11-27
979,Seller_00979,Hyderabad,Rajasthan,4.42,2025-06-16
980,Seller_00980,Imphal,Manipur,4.55,2025-03-18
981,Seller_00981,Bengaluru,Manipur,3.38,2021-12-11
982,Seller_00982,Mumbai,Delhi,4.27,2021-01-06
983,Seller_00983,Bengaluru,Delhi,3.74,2022-03-11
984,Seller_00984,Hyderabad,Tamil Nadu,4.14,2020-10-26
985,Seller_00985,Pune,West Bengal,4.52,2020-04-03
986,Seller_00986,Pune,Karnataka,4.26,2020-01-11
987,Seller_00987,Delhi,Manipur,3.6,2024-10-09
988,Seller_00988,Chennai,Tamil Nadu,5.0,2023-07-19
989,Seller_00989,Imphal,Tamil Nadu,4.69,2025-02-28
990,Seller_00990,Kolkata,Tamil Nadu,4.59,2020-07-23
991,Seller_00991,Imphal,West Bengal,4.24,2020-01-23
992,Seller_00992,Chennai,Karnataka,4.28,2021-12-16
993,Seller_00993,Bengaluru,Telangana,4.11,2025-12-17
994,Seller_00994,Pune,Assam,4.07,2020-04-10
995,Seller_00995,Kolkata,Rajasthan,4.06,2022-02-25
996,Seller_00996,Jaipur,West Bengal,3.71,2023-03-22
997,Seller_00997,Delhi,Tamil Nadu,3.53,2020-09-07
998,Seller_00998,Guwahati,Maharashtra,3.49,2021-10-31
999,Seller_00999,Guwahati,Karnataka,4.57,2021-05-22
1000,Seller_01000,Imphal,Maharashtra,4.92,2022-11-13
1001,Seller_01001,Delhi,West Bengal,4.31,2022-07-20
1002,Seller_01002,Jaipur,Karnataka,4.18,2023-06-07
1003,Seller_01003,Hyderabad,Karnataka,3.8,2020-07-04
1004,Seller_01004,Bengaluru,Tamil Nadu,4.48,2024-10-17
1005,Seller_01005,Guwahati,Assam,3.8,2020-11-12
1006,Seller_01006,Chennai,Assam,3.14,2021-03-12
1007,Seller_01007,Delhi,Tamil Nadu,4.19,2024-09-19
1008,Seller_01008,Bengaluru,Tamil Nadu,3.77,2024-12-07
1009,Seller_01009,Hyderabad,Rajasthan,3.62,2022-07-15
1010,Seller_01010,Mumbai,Assam,3.87,2022-02-10
1011,Seller_01011,Guwahati,Tamil Nadu,3.82,2025-11-06
1012,Seller_01012,Chennai,Tamil Nadu,5.0,2020-01-09
1013,Seller_01013,Pune,Delhi,4.28,2021-01-16
1014,Seller_01014,Hyderabad,Tamil Nadu,4.54,2023-09-30
1015,Seller_01015,Bengaluru,West Bengal,4.49,2020-04-13
1016,Seller_01016,Mumbai,Telangana,4.7,2022-01-30
1017,Seller_01017,Imphal,Assam,4.01,2021-02-08
1018,Seller_01018,Guwahati,Karnataka,4.85,2022-11-15
1019,Seller_01019,Pune,Maharashtra,3.46,2023-08-31
1020,Seller_01020,Pune,Assam,4.28,2022-01-08
1021,Seller_01021,Hyderabad,Tamil Nadu,3.96,2024-12-09
1022,Seller_01022,Bengaluru,Maharashtra,4.46,2021-04-26
1023,Seller_01023,Guwahati,Rajasthan,4.53,2025-12-13
1024,Seller_01024,Delhi,Telangana,3.51,2025-04-19
1025,Seller_01025,Guwahati,Karnataka,4.13,2024-06-16
1026,Seller_01026,Chennai,Tamil Nadu,4.79,2020-11-25
1027,Seller_01027,Delhi,Tamil Nadu,4.47,2020-01-27
1028,Seller_01028,Hyderabad,Manipur,3.37,2024-11-13
1029,Seller_01029,Pune,West Bengal,3.36,2024-04-30
1030,Seller_01030,Kolkata,Delhi,4.27,2022-07-16
1031,Seller_01031,Imphal,Delhi,4.82,2025-05-08
1032,Seller_01032,Bengaluru,Delhi,3.32,2023-04-22
1033,Seller_01033,Pune,Assam,3.74,2022-12-21
1034,Seller_01034,Jaipur,Maharashtra,4.55,2020-11-15
1035,Seller_01035,Imphal,Manipur,3.46,2024-10-20
1036,Seller_01036,Pune,Maharashtra,3.71,2021-08-24
1037,Seller_01037,Guwahati,Telangana,4.8,2023-05-28
1038,Seller_01038,Hyderabad,Tamil Nadu,4.78,2025-05-08
1039,Seller_01039,Mumbai,Telangana,4.07,2025-09-06
1040,Seller_01040,Imphal,Delhi,4.42,2020-06-19
1041,Seller_01041,Pune,Delhi,4.03,2025-03-28
1042,Seller_01042,Imphal,West Bengal,5.0,2024-09-18
1043,Seller_01043,Guwahati,Assam,4.73,2020-10-12
1044,Seller_01044,Hyderabad,Maharashtra,5.0,2023-10-20
1045,Seller_01045,Imphal,Tamil Nadu,4.72,2020-09-18
1046,Seller_01046,Guwahati,Telangana,3.45,2020-01-03
1047,Seller_01047,Guwahati,Karnataka,4.37,2022-11-07
1048,Seller_01048,Bengaluru,Karnataka,3.77,2023-03-04
1049,Seller_01049,Jaipur,West Bengal,3.94,2024-04-22
1050,Seller_01050,Kolkata,Tamil Nadu,3.84,2022-05-17
1051,Seller_01051,Hyderabad,West Bengal,3.77,2025-01-07
1052,Seller_01052,Imphal,Assam,3.68,2023-11-09
1053,Seller_01053,Delhi,Assam,3.42,2022-02-08
1054,Seller_01054,Kolkata,Maharashtra,3.87,2022-03-05
1055,Seller_01055,Delhi,Telangana,3.74,2022-12-04
1056,Seller_01056,Kolkata,Delhi,3.9,2024-06-13
1057,Seller_01057,Bengaluru,Karnataka,3.15,2021-05-17
1058,Seller_01058,Mumbai,Maharashtra,3.19,2023-01-27
1059,Seller_01059,Kolkata,West Bengal,4.71,2023-05-09
1060,Seller_01060,Imphal,Rajasthan,3.64,2024-04-04
1061,Seller_01061,Bengaluru,Delhi,4.67,2024-03-18
1062,Seller_01062,Hyderabad,Tamil Nadu,4.53,2022-08-09
1063,Seller_01063,Imphal,Delhi,3.29,2021-12-06
1064,Seller_01064,Hyderabad,Delhi,4.69,2025-08-13
1065,Seller_01065,Guwahati,Tamil Nadu,4.39,2021-06-16
1066,Seller_01066,Delhi,Rajasthan,3.71,2020-02-09
1067,Seller_01067,Guwahati,Delhi,3.98,2022-11-02
1068,Seller_01068,Chennai,West Bengal,4.33,2025-08-04
1069,Seller_01069,Jaipur,West Bengal,3.46,2021-02-15
1070,Seller_01070,Chennai,Maharashtra,4.66,2024-10-09
1071,Seller_01071,Hyderabad,Rajasthan,3.66,2025-01-19
1072,Seller_01072,Chennai,Manipur,3.75,2020-09-12
1073,Seller_01073,Jaipur,Telangana,4.23,2025-12-11
1074,Seller_01074,Delhi,Delhi,3.27,2024-09-26
1075,Seller_01075,Chennai,Tamil Nadu,3.41,2023-09-10
1076,Seller_01076,Delhi,Maharashtra,3.87,2024-07-08
1077,Seller_01077,Mumbai,Karnataka,4.26,2022-01-01
1078,Seller_01078,Delhi,Karnataka,4.54,2022-01-13
1079,Seller_01079,Jaipur,Delhi,3.43,2021-04-20
1080,Seller_01080,Kolkata,Tamil Nadu,3.77,2024-06-06
1081,Seller_01081,Bengaluru,Rajasthan,3.97,2025-01-17
1082,Seller_01082,Bengaluru,Manipur,4.3,2022-04-07
1083,Seller_01083,Mumbai,Delhi,4.83,2025-07-14
1084,Seller_01084,Jaipur,Tamil Nadu,3.92,2024-01-09
1085,Seller_01085,Delhi,Maharashtra,3.75,2024-04-08
1086,Seller_01086,Jaipur,Tamil Nadu,4.33,2024-03-13
1087,Seller_01087,Hyderabad,Telangana,3.54,2022-06-29
1088,Seller_01088,Hyderabad,Assam,4.13,2021-11-11
1089,Seller_01089,Chennai,Assam,4.4,2023-10-28
1090,Seller_01090,Kolkata,Telangana,3.78,2023-11-11
1091,Seller_01091,Kolkata,Rajasthan,4.2,2025-12-25
1092,Seller_01092,Mumbai,Delhi,4.81,2021-01-18
1093,Seller_01093,Bengaluru,Maharashtra,4.06,2021-11-21
1094,Seller_01094,Jaipur,Tamil Nadu,5.0,2020-01-10
1095,Seller_01095,Bengaluru,Assam,4.03,2025-01-13
1096,Seller_01096,Chennai,Karnataka,4.31,2020-10-10
1097,Seller_01097,Bengaluru,West Bengal,5.0,2024-02-10
1098,Seller_01098,Kolkata,Maharashtra,4.35,2023-03-17
1099,Seller_01099,Hyderabad,Assam,4.28,2022-06-28
1100,Seller_01100,Bengaluru,Rajasthan,4.0,2021-03-18
1101,Seller_01101,Chennai,Tamil Nadu,4.58,2023-04-29
1102,Seller_01102,Guwahati,West Bengal,4.53,2025-02-24
1103,Seller_01103,Imphal,West Bengal,3.51,2024-11-04
1104,Seller_01104,Imphal,Delhi,4.51,2021-01-19
1105,Seller_01105,Imphal,Rajasthan,4.14,2021-10-11
1106,Seller_01106,Mumbai,Delhi,3.67,2024-08-17
1107,Seller_01107,Kolkata,Tamil Nadu,3.41,2024-07-13
1108,Seller_01108,Bengaluru,West Bengal,4.62,2024-06-02
1109,Seller_01109,Chennai,West Bengal,3.03,2021-01-22
1110,Seller_01110,Delhi,Rajasthan,3.96,2021-07-11
1111,Seller_01111,Imphal,Telangana,4.06,2020-01-03
1112,Seller_01112,Pune,Maharashtra,3.31,2025-03-10
1113,Seller_01113,Delhi,West Bengal,3.64,2024-02-20
1114,Seller_01114,Hyderabad,Delhi,5.0,2020-01-08
1115,Seller_01115,Guwahati,Maharashtra,5.0,2022-06-04
1116,Seller_01116,Chennai,West Bengal,3.62,2024-05-30
1117,Seller_01117,Hyderabad,Rajasthan,4.17,2023-06-22
1118,Seller_01118,Jaipur,Assam,4.24,2024-12-09
1119,Seller_01119,Kolkata,Assam,2.9,2023-12-22
1120,Seller_01120,Guwahati,Rajasthan,3.4,2022-08-16
1121,Seller_01121,Imphal,Tamil Nadu,4.54,2025-11-29
1122,Seller_01122,Chennai,Telangana,4.23,2024-01-09
1123,Seller_01123,Mumbai,Rajasthan,4.19,2022-06-23
1124,Seller_01124,Guwahati,Tamil Nadu,4.19,2024-08-04
1125,Seller_01125,Hyderabad,Maharashtra,4.26,2020-04-15
1126,Seller_01126,Hyderabad,Manipur,4.1,2022-09-26
1127,Seller_01127,Delhi,West Bengal,4.06,2023-10-13
1128,Seller_01128,Mumbai,Tamil Nadu,4.43,2021-06-10
1129,Seller_01129,Mumbai,Tamil Nadu,3.9,2023-07-29
1130,Seller_01130,Delhi,Telangana,4.43,2024-09-05
1131,Seller_01131,Delhi,Karnataka,4.3,2022-11-21
1132,Seller_01132,Chennai,Assam,3.93,2023-02-10
1133,Seller_01133,Guwahati,Assam,4.84,2025-08-27
1134,Seller_01134,Kolkata,Maharashtra,3.18,2020-12-02
1135,Seller_01135,Imphal,Telangana,3.91,2021-06-25
1136,Seller_01136,Pune,Karnataka,4.09,2025-10-04
1137,Seller_01137,Chennai,Maharashtra,4.59,2020-01-17
1138,Seller_01138,Bengaluru,Maharashtra,3.3,2021-08-03
1139,Seller_01139,Imphal,Assam,4.04,2020-06-29
1140,Seller_01140,Imphal,Telangana,4.22,2022-03-17
1141,Seller_01141,Hyderabad,Manipur,4.17,2025-03-06
1142,Seller_01142,Chennai,Karnataka,4.1,2024-11-01
1143,Seller_01143,Imphal,Manipur,4.5,2023-01-25
1144,Seller_01144,Chennai,Delhi,4.14,2020-05-11
1145,Seller_01145,Chennai,Assam,4.23,2023-12-22
1146,Seller_01146,Pune,Delhi,4.56,2023-12-17
1147,Seller_01147,Pune,Telangana,4.49,2024-03-09
1148,Seller_01148,Kolkata,Manipur,3.84,2021-09-08
1149,Seller_01149,Jaipur,West Bengal,4.15,2024-09-11
1150,Seller_01150,Chennai,Telangana,4.08,2021-09-15
1151,Seller_01151,Guwahati,Telangana,4.25,2021-12-31
1152,Seller_01152,Chennai,Tamil Nadu,4.73,2024-08-16
1153,Seller_01153,Guwahati,Karnataka,3.87,2021-01-22
1154,Seller_01154,Hyderabad,Manipur,3.7,2020-10-21
1155,Seller_01155,Guwahati,Tamil Nadu,3.67,2024-12-06
1156,Seller_01156,Pune,Manipur,4.71,2024-05-21
1157,Seller_01157,Jaipur,Manipur,4.54,2025-11-24
1158,Seller_01158,Kolkata,Karnataka,3.72,2022-03-25
1159,Seller_01159,Guwahati,Delhi,4.21,2020-06-06
1160,Seller_01160,Chennai,Maharashtra,3.84,2025-09-02
1161,Seller_01161,Delhi,Karnataka,4.34,2023-10-03
1162,Seller_01162,Pune,Tamil Nadu,5.0,2020-06-21
1163,Seller_01163,Pune,Delhi,5.0,2025-01-31
1164,Seller_01164,Delhi,Assam,2.86,2023-12-16
1165,Seller_01165,Imphal,Delhi,4.51,2021-12-27
1166,Seller_01166,Jaipur,Tamil Nadu,4.44,2025-07-16
1167,Seller_01167,Hyderabad,Rajasthan,3.86,2022-10-21
1168,Seller_01168,Chennai,Maharashtra,3.55,2025-10-08
1169,Seller_01169,Mumbai,Assam,4.14,2021-11-02
1170,Seller_01170,Mumbai,Telangana,3.5,2021-08-04
1171,Seller_01171,Imphal,Rajasthan,4.61,2025-03-26
1172,Seller_01172,Jaipur,Assam,4.64,2025-08-14
1173,Seller_01173,Kolkata,Assam,3.72,2024-04-19
1174,Seller_01174,Jaipur,Assam,3.99,2023-11-04
1175,Seller_01175,Hyderabad,Assam,4.04,2020-12-09
1176,Seller_01176,Imphal,West Bengal,4.7,2024-06-11
1177,Seller_01177,Pune,Karnataka,3.62,2025-12-30
1178,Seller_01178,Hyderabad,Tamil Nadu,4.19,2022-06-26
1179,Seller_01179,Kolkata,Rajasthan,4.6,2022-08-08
1180,Seller_01180,Guwahati,Rajasthan,3.93,2024-02-07
1181,Seller_01181,Delhi,Tamil Nadu,3.69,2024-03-20
1182,Seller_01182,Pune,Manipur,3.68,2022-04-13
1183,Seller_01183,Pune,Rajasthan,4.31,2020-05-30
1184,Seller_01184,Pune,Rajasthan,3.99,2022-10-17
1185,Seller_01185,Imphal,Delhi,2.84,2022-08-30
1186,Seller_01186,Pune,Maharashtra,4.08,2025-02-27
1187,Seller_01187,Pune,West Bengal,5.0,2022-03-22
1188,Seller_01188,Hyderabad,Tamil Nadu,4.24,2020-03-06
1189,Seller_01189,Imphal,Delhi,4.92,2025-01-03
1190,Seller_01190,Mumbai,Assam,3.58,2025-03-10
1191,Seller_01191,Jaipur,Maharashtra,4.04,2025-09-22
1192,Seller_01192,Chennai,Telangana,3.52,2021-10-17
1193,Seller_01193,Guwahati,Maharashtra,4.49,2023-01-19
1194,Seller_01194,Imphal,Assam,3.51,2020-08-31
1195,Seller_01195,Jaipur,Manipur,4.11,2020-07-09
1196,Seller_01196,Chennai,Maharashtra,5.0,2024-03-12
1197,Seller_01197,Hyderabad,Assam,3.68,2021-08-19
1198,Seller_01198,Imphal,Maharashtra,4.53,2023-01-31
1199,Seller_01199,Bengaluru,Assam,3.92,2025-06-09
1200,Seller_01200,Pune,Manipur,3.3,2025-10-04
1201,Seller_01201,Bengaluru,West Bengal,4.43,2022-10-01
1202,Seller_01202,Jaipur,Karnataka,4.83,2024-08-31
1203,Seller_01203,Jaipur,Manipur,3.99,2020-03-29
1204,Seller_01204,Delhi,Assam,5.0,2025-06-06
1205,Seller_01205,Imphal,Assam,3.82,2020-01-28
1206,Seller_01206,Bengaluru,West Bengal,4.22,2024-07-09
1207,Seller_01207,Hyderabad,Manipur,4.15,2021-12-08
1208,Seller_01208,Pune,West Bengal,4.05,2021-12-13
1209,Seller_01209,Hyderabad,Telangana,4.01,2024-10-21
1210,Seller_01210,Bengaluru,West Bengal,3.86,2021-02-15
1211,Seller_01211,Kolkata,Delhi,3.71,2022-08-18
1212,Seller_01212,Kolkata,Telangana,4.67,2022-12-07
1213,Seller_01213,Guwahati,West Bengal,3.78,2024-05-14
1214,Seller_01214,Imphal,Delhi,4.61,2024-11-11
1215,Seller_01215,Jaipur,Manipur,3.11,2025-10-01
1216,Seller_01216,Bengaluru,Assam,4.02,2022-04-22
1217,Seller_01217,Mumbai,Tamil Nadu,4.7,2020-02-03
1218,Seller_01218,Pune,Manipur,4.24,2021-08-25
1219,Seller_01219,Guwahati,Delhi,4.21,2022-05-13
1220,Seller_01220,Chennai,Rajasthan,4.87,2024-01-22
1221,Seller_01221,Hyderabad,West Bengal,4.46,2022-12-31
1222,Seller_01222,Bengaluru,Maharashtra,3.71,2020-09-06
1223,Seller_01223,Kolkata,Telangana,5.0,2024-02-18
1224,Seller_01224,Kolkata,Manipur,4.22,2020-06-20
1225,Seller_01225,Pune,Rajasthan,4.11,2025-07-23
1226,Seller_01226,Imphal,Delhi,3.36,2021-05-23
1227,Seller_01227,Pune,Karnataka,3.14,2020-01-20
1228,Seller_01228,Chennai,West Bengal,2.8,2021-06-04
1229,Seller_01229,Guwahati,Delhi,4.44,2022-10-14
1230,Seller_01230,Kolkata,Manipur,4.53,2025-09-14
1231,Seller_01231,Mumbai,Karnataka,3.33,2024-04-18
1232,Seller_01232,Pune,Tamil Nadu,3.6,2025-08-08
1233,Seller_01233,Kolkata,Assam,4.77,2021-04-13
1234,Seller_01234,Delhi,Delhi,3.79,2024-03-05
1235,Seller_01235,Hyderabad,Karnataka,4.1,2022-04-11
1236,Seller_01236,Bengaluru,West Bengal,3.04,2022-12-16
1237,Seller_01237,Jaipur,Karnataka,3.36,2022-11-14
1238,Seller_01238,Hyderabad,Manipur,5.0,2023-04-21
1239,Seller_01239,Chennai,Tamil Nadu,3.3,2022-05-22
1240,Seller_01240,Chennai,West Bengal,4.54,2020-03-08
1241,Seller_01241,Jaipur,Assam,3.61,2023-07-01
1242,Seller_01242,Delhi,Manipur,3.44,2022-01-29
1243,Seller_01243,Delhi,Manipur,3.86,2025-06-16
1244,Seller_01244,Jaipur,Assam,3.71,2020-10-13
1245,Seller_01245,Guwahati,Telangana,3.52,2020-10-18
1246,Seller_01246,Kolkata,Tamil Nadu,3.77,2024-10-04
1247,Seller_01247,Jaipur,Tamil Nadu,3.96,2024-01-21
1248,Seller_01248,Guwahati,Assam,3.64,2025-06-17
1249,Seller_01249,Hyderabad,Karnataka,4.03,2021-10-06
1250,Seller_01250,Hyderabad,Manipur,3.53,2024-08-28
1251,Seller_01251,Delhi,Karnataka,3.73,2025-01-29
1252,Seller_01252,Hyderabad,West Bengal,4.28,2023-11-23
1253,Seller_01253,Chennai,Rajasthan,3.89,2021-04-18
1254,Seller_01254,Kolkata,Rajasthan,4.49,2020-01-18
1255,Seller_01255,Jaipur,Maharashtra,4.38,2020-06-13
1256,Seller_01256,Imphal,Manipur,3.89,2022-08-28
1257,Seller_01257,Delhi,Assam,3.94,2023-10-08
1258,Seller_01258,Jaipur,Karnataka,4.18,2021-05-06
1259,Seller_01259,Jaipur,West Bengal,4.67,2021-07-04
1260,Seller_01260,Kolkata,Delhi,2.87,2024-12-13
1261,Seller_01261,Imphal,Telangana,3.41,2022-03-18
1262,Seller_01262,Chennai,Tamil Nadu,4.46,2021-10-27
1263,Seller_01263,Pune,Karnataka,3.8,2025-09-09
1264,Seller_01264,Pune,Tamil Nadu,4.64,2020-05-10
1265,Seller_01265,Pune,Rajasthan,3.68,2022-01-04
1266,Seller_01266,Imphal,Tamil Nadu,3.28,2025-08-30
1267,Seller_01267,Guwahati,Karnataka,3.65,2025-03-14
1268,Seller_01268,Chennai,Karnataka,3.61,2025-07-01
1269,Seller_01269,Mumbai,Assam,4.54,2021-07-23
1270,Seller_01270,Imphal,Tamil Nadu,4.36,2025-08-30
1271,Seller_01271,Pune,Tamil Nadu,3.94,2024-03-30
1272,Seller_01272,Chennai,West Bengal,3.75,2024-02-04
1273,Seller_01273,Imphal,Tamil Nadu,3.88,2023-06-11
1274,Seller_01274,Hyderabad,Rajasthan,4.25,2022-03-04
1275,Seller_01275,Mumbai,Delhi,4.46,2022-05-25
1276,Seller_01276,Kolkata,Karnataka,4.36,2020-11-16
1277,Seller_01277,Imphal,Assam,3.97,2024-10-23
1278,Seller_01278,Chennai,Rajasthan,4.62,2021-12-06
1279,Seller_01279,Imphal,Assam,3.77,2025-06-09
1280,Seller_01280,Imphal,Maharashtra,3.19,2023-08-27
1281,Seller_01281,Pune,Maharashtra,3.16,2023-09-16
1282,Seller_01282,Delhi,Telangana,4.39,2023-08-15
1283,Seller_01283,Delhi,Manipur,5.0,2021-05-30
1284,Seller_01284,Bengaluru,Tamil Nadu,4.02,2025-11-18
1285,Seller_01285,Imphal,Rajasthan,3.1,2022-11-15
1286,Seller_01286,Jaipur,Delhi,3.54,2020-08-02
1287,Seller_01287,Hyderabad,Maharashtra,3.59,2024-07-05
1288,Seller_01288,Chennai,Delhi,4.37,2021-11-12
1289,Seller_01289,Mumbai,West Bengal,3.65,2021-05-02
1290,Seller_01290,Kolkata,Tamil Nadu,3.79,2020-03-22
1291,Seller_01291,Delhi,Maharashtra,4.78,2024-12-11
1292,Seller_01292,Pune,Karnataka,3.6,2020-11-22
1293,Seller_01293,Kolkata,Maharashtra,4.88,2020-10-18
1294,Seller_01294,Kolkata,West Bengal,4.1,2023-02-26
1295,Seller_01295,Pune,Manipur,2.56,2024-10-28
1296,Seller_01296,Kolkata,Delhi,3.49,2021-09-13
1297,Seller_01297,Mumbai,Rajasthan,3.34,2021-05-12
1298,Seller_01298,Hyderabad,Tamil Nadu,3.99,2021-12-25
1299,Seller_01299,Bengaluru,Telangana,4.29,2024-06-02
1300,Seller_01300,Pune,Tamil Nadu,3.8,2022-02-05
1301,Seller_01301,Kolkata,Maharashtra,4.16,2020-02-04
1302,Seller_01302,Mumbai,Tamil Nadu,3.97,2025-09-22
1303,Seller_01303,Hyderabad,Delhi,4.58,2023-11-04
1304,Seller_01304,Delhi,Karnataka,3.93,2020-11-12
1305,Seller_01305,Bengaluru,Maharashtra,4.21,2025-03-14
1306,Seller_01306,Chennai,Karnataka,5.0,2024-07-28
1307,Seller_01307,Guwahati,Karnataka,4.46,2021-04-29
1308,Seller_01308,Chennai,Manipur,4.87,2025-10-16
1309,Seller_01309,Imphal,Tamil Nadu,4.69,2022-03-24
1310,Seller_01310,Jaipur,Karnataka,4.6,2022-12-25
1311,Seller_01311,Hyderabad,Delhi,4.02,2022-04-26
1312,Seller_01312,Delhi,Karnataka,3.71,2021-03-30
1313,Seller_01313,Bengaluru,Maharashtra,4.49,2021-06-04
1314,Seller_01314,Delhi,Telangana,4.94,2022-11-27
1315,Seller_01315,Hyderabad,Karnataka,4.41,2023-12-14
1316,Seller_01316,Imphal,Rajasthan,4.25,2025-05-10
1317,Seller_01317,Delhi,Maharashtra,3.97,2022-09-09
1318,Seller_01318,Pune,Karnataka,3.64,2024-07-10
1319,Seller_01319,Delhi,Karnataka,4.42,2025-06-21
1320,Seller_01320,Guwahati,Delhi,3.97,2023-07-29
1321,Seller_01321,Bengaluru,Assam,3.45,2025-05-14
1322,Seller_01322,Bengaluru,Telangana,4.17,2021-11-14
1323,Seller_01323,Hyderabad,Rajasthan,5.0,2023-06-08
1324,Seller_01324,Chennai,Maharashtra,4.79,2020-08-09
1325,Seller_01325,Guwahati,Assam,3.9,2023-08-10
1326,Seller_01326,Delhi,Karnataka,3.67,2023-05-01
1327,Seller_01327,Jaipur,Manipur,3.96,2024-01-20
1328,Seller_01328,Bengaluru,West Bengal,3.75,2025-09-12
1329,Seller_01329,Jaipur,West Bengal,4.58,2021-01-26
1330,Seller_01330,Chennai,Delhi,3.86,2022-09-21
1331,Seller_01331,Bengaluru,Maharashtra,4.14,2021-02-28
1332,Seller_01332,Imphal,Rajasthan,3.75,2025-05-29
1333,Seller_01333,Guwahati,Delhi,2.57,2021-08-31
1334,Seller_01334,Chennai,West Bengal,4.78,2023-08-25
1335,Seller_01335,Imphal,Tamil Nadu,4.04,2025-07-19
1336,Seller_01336,Hyderabad,West Bengal,3.38,2024-05-07
1337,Seller_01337,Jaipur,Manipur,4.59,2025-05-01
1338,Seller_01338,Bengaluru,Maharashtra,4.14,2025-10-11
1339,Seller_01339,Mumbai,Tamil Nadu,4.5,2024-11-11
1340,Seller_01340,Jaipur,Manipur,4.31,2025-05-02
1341,Seller_01341,Imphal,Maharashtra,4.73,2021-09-10
1342,Seller_01342,Imphal,Delhi,4.38,2024-06-28
1343,Seller_01343,Pune,Manipur,4.78,2025-10-13
1344,Seller_01344,Guwahati,Assam,3.86,2020-09-20
1345,Seller_01345,Jaipur,Karnataka,3.85,2025-09-14
1346,Seller_01346,Hyderabad,Karnataka,3.54,2025-03-25
1347,Seller_01347,Pune,West Bengal,4.27,2023-07-07
1348,Seller_01348,Jaipur,Telangana,3.18,2024-06-21
1349,Seller_01349,Hyderabad,Maharashtra,3.83,2025-10-13
1350,Seller_01350,Hyderabad,Manipur,4.25,2023-10-03
1351,Seller_01351,Imphal,Karnataka,4.26,2025-11-03
1352,Seller_01352,Delhi,Delhi,4.13,2022-10-09
1353,Seller_01353,Hyderabad,Tamil Nadu,4.08,2025-08-23
1354,Seller_01354,Bengaluru,Telangana,4.26,2025-09-24
1355,Seller_01355,Bengaluru,Tamil Nadu,4.59,2025-03-11
1356,Seller_01356,Hyderabad,Manipur,3.56,2021-11-27
1357,Seller_01357,Pune,Tamil Nadu,4.38,2020-12-27
1358,Seller_01358,Imphal,Maharashtra,4.31,2024-04-10
1359,Seller_01359,Hyderabad,Rajasthan,3.37,2023-10-19
1360,Seller_01360,Mumbai,Manipur,2.8,2025-07-20
1361,Seller_01361,Pune,Maharashtra,4.28,2021-05-11
1362,Seller_01362,Chennai,Telangana,5.0,2020-05-01
1363,Seller_01363,Mumbai,Rajasthan,4.41,2021-01-01
1364,Seller_01364,Kolkata,Telangana,4.36,2023-02-19
1365,Seller_01365,Guwahati,Tamil Nadu,3.07,2021-12-28
1366,Seller_01366,Guwahati,Tamil Nadu,4.47,2023-03-10
1367,Seller_01367,Delhi,Delhi,4.91,2020-10-15
1368,Seller_01368,Pune,Telangana,4.53,2025-05-09
1369,Seller_01369,Chennai,Telangana,3.64,2025-05-04
1370,Seller_01370,Pune,West Bengal,4.04,2020-12-12
1371,Seller_01371,Jaipur,Telangana,3.44,2025-10-01
1372,Seller_01372,Pune,Telangana,5.0,2021-09-01
1373,Seller_01373,Chennai,Rajasthan,3.03,2023-03-27
1374,Seller_01374,Chennai,Assam,4.29,2025-06-03
1375,Seller_01375,Hyderabad,West Bengal,3.63,2025-11-27
1376,Seller_01376,Delhi,Delhi,4.07,2023-08-13
1377,Seller_01377,Chennai,Karnataka,4.88,2021-11-26
1378,Seller_01378,Bengaluru,Rajasthan,3.82,2021-02-15
1379,Seller_01379,Mumbai,Tamil Nadu,4.08,2020-04-26
1380,Seller_01380,Delhi,West Bengal,3.57,2021-10-19
1381,Seller_01381,Hyderabad,Maharashtra,3.86,2023-09-19
1382,Seller_01382,Bengaluru,West Bengal,3.86,2020-04-15
1383,Seller_01383,Bengaluru,Maharashtra,3.9,2024-01-01
1384,Seller_01384,Pune,Telangana,4.13,2021-09-28
1385,Seller_01385,Kolkata,Karnataka,4.33,2022-12-18
1386,Seller_01386,Jaipur,Manipur,3.85,2020-01-29
1387,Seller_01387,Pune,Telangana,4.53,2022-03-19
1388,Seller_01388,Mumbai,Assam,3.8,2020-07-31
1389,Seller_01389,Pune,Assam,4.52,2021-07-28
1390,Seller_01390,Kolkata,Manipur,5.0,2020-12-28
1391,Seller_01391,Pune,Delhi,4.34,2024-09-22
1392,Seller_01392,Kolkata,Telangana,3.88,2022-03-08
1393,Seller_01393,Pune,Tamil Nadu,3.85,2023-04-06
1394,Seller_01394,Pune,Delhi,3.87,2021-03-14
1395,Seller_01395,Mumbai,Assam,3.93,2023-10-13
1396,Seller_01396,Hyderabad,Assam,3.79,2025-11-03
1397,Seller_01397,Kolkata,Karnataka,3.83,2021-05-31
1398,Seller_01398,Guwahati,Maharashtra,3.85,2023-01-15
1399,Seller_01399,Chennai,Tamil Nadu,4.35,2025-05-22
1400,Seller_01400,Hyderabad,Telangana,4.03,2024-05-05
1401,Seller_01401,Chennai,Delhi,4.98,2021-12-29
1402,Seller_01402,Hyderabad,Karnataka,3.75,2022-04-05
1403,Seller_01403,Kolkata,Tamil Nadu,5.0,2024-09-23
1404,Seller_01404,Imphal,Telangana,3.21,2022-07-24
1405,Seller_01405,Imphal,Telangana,4.1,2020-04-22
1406,Seller_01406,Delhi,Tamil Nadu,4.87,2022-06-18
1407,Seller_01407,Jaipur,West Bengal,4.12,2020-11-06
1408,Seller_01408,Hyderabad,Assam,4.44,2021-03-01
1409,Seller_01409,Bengaluru,Assam,4.3,2025-08-27
1410,Seller_01410,Kolkata,Assam,4.26,2020-09-30
1411,Seller_01411,Jaipur,Manipur,4.67,2021-11-03
1412,Seller_01412,Delhi,Assam,4.63,2023-05-17
1413,Seller_01413,Jaipur,West Bengal,3.75,2024-10-09
1414,Seller_01414,Pune,West Bengal,4.59,2023-06-17
1415,Seller_01415,Guwahati,Karnataka,3.82,2024-11-13
1416,Seller_01416,Mumbai,Delhi,4.13,2023-10-13
1417,Seller_01417,Kolkata,Maharashtra,3.92,2020-10-30
1418,Seller_01418,Hyderabad,Maharashtra,3.73,2022-01-16
1419,Seller_01419,Hyderabad,Karnataka,4.2,2022-09-17
1420,Seller_01420,Hyderabad,West Bengal,5.0,2025-08-18
1421,Seller_01421,Delhi,Tamil Nadu,4.34,2021-12-28
1422,Seller_01422,Delhi,Maharashtra,4.04,2020-09-24
1423,Seller_01423,Guwahati,Telangana,4.16,2025-10-01
1424,Seller_01424,Bengaluru,Manipur,4.74,2025-05-03
1425,Seller_01425,Jaipur,Delhi,3.69,2022-08-14
1426,Seller_01426,Kolkata,Karnataka,4.8,2020-07-22
1427,Seller_01427,Imphal,Manipur,3.7,2024-11-11
1428,Seller_01428,Delhi,Rajasthan,4.5,2025-06-07
1429,Seller_01429,Guwahati,Maharashtra,4.29,2023-09-19
1430,Seller_01430,Bengaluru,Manipur,4.53,2024-01-10
1431,Seller_01431,Imphal,Tamil Nadu,4.11,2025-12-14
1432,Seller_01432,Chennai,Assam,4.17,2024-06-27
1433,Seller_01433,Mumbai,Assam,4.17,2023-02-28
1434,Seller_01434,Delhi,Karnataka,4.44,2024-12-02
1435,Seller_01435,Bengaluru,Maharashtra,4.38,2021-03-01
1436,Seller_01436,Imphal,Rajasthan,4.47,2023-05-10
1437,Seller_01437,Delhi,Telangana,3.91,2024-03-11
1438,Seller_01438,Pune,West Bengal,5.0,2020-04-05
1439,Seller_01439,Guwahati,Delhi,4.32,2021-07-14
1440,Seller_01440,Bengaluru,Delhi,4.66,2022-08-11
1441,Seller_01441,Mumbai,Delhi,4.32,2024-06-04
1442,Seller_01442,Guwahati,Karnataka,4.71,2022-08-01
1443,Seller_01443,Imphal,Assam,4.41,2020-06-04
1444,Seller_01444,Jaipur,Rajasthan,3.7,2020-11-15
1445,Seller_01445,Pune,West Bengal,4.24,2020-09-03
1446,Seller_01446,Delhi,Karnataka,3.66,2021-12-19
1447,Seller_01447,Mumbai,Telangana,4.35,2024-09-03
1448,Seller_01448,Pune,Maharashtra,3.62,2022-08-14
1449,Seller_01449,Imphal,Assam,4.0,2023-11-09
1450,Seller_01450,Pune,Karnataka,4.27,2024-08-31
1451,Seller_01451,Kolkata,Assam,3.99,2022-04-21
1452,Seller_01452,Delhi,Maharashtra,4.39,2022-08-18
1453,Seller_01453,Jaipur,Karnataka,3.74,2025-01-18
1454,Seller_01454,Hyderabad,Assam,3.72,2021-08-11
1455,Seller_01455,Jaipur,Telangana,4.04,2021-12-19
1456,Seller_01456,Hyderabad,Maharashtra,4.59,2022-11-10
1457,Seller_01457,Jaipur,West Bengal,3.52,2023-05-09
1458,Seller_01458,Delhi,Delhi,3.99,2025-08-18
1459,Seller_01459,Mumbai,Karnataka,3.85,2023-03-14
1460,Seller_01460,Imphal,Assam,3.94,2022-08-09
1461,Seller_01461,Pune,Manipur,4.39,2020-07-06
1462,Seller_01462,Hyderabad,Delhi,4.7,2024-10-10
1463,Seller_01463,Guwahati,Assam,4.84,2021-01-24
1464,Seller_01464,Kolkata,Tamil Nadu,4.33,2024-01-10
1465,Seller_01465,Pune,Delhi,4.16,2020-05-20
1466,Seller_01466,Kolkata,Assam,4.03,2023-12-30
1467,Seller_01467,Pune,Telangana,4.65,2024-01-12
1468,Seller_01468,Pune,Assam,4.12,2022-04-27
1469,Seller_01469,Mumbai,Rajasthan,3.43,2025-11-06
1470,Seller_01470,Imphal,Manipur,3.24,2022-12-22
1471,Seller_01471,Hyderabad,Karnataka,4.4,2021-12-03
1472,Seller_01472,Mumbai,Delhi,4.4,2024-07-25
1473,Seller_01473,Pune,Manipur,4.42,2024-04-14
1474,Seller_01474,Jaipur,West Bengal,3.9,2022-06-18
1475,Seller_01475,Delhi,West Bengal,4.62,2023-12-28
1476,Seller_01476,Chennai,Rajasthan,3.89,2025-04-01
1477,Seller_01477,Pune,Tamil Nadu,4.18,2020-05-10
1478,Seller_01478,Bengaluru,Tamil Nadu,4.24,2021-01-30
1479,Seller_01479,Mumbai,Manipur,4.1,2023-12-21
1480,Seller_01480,Delhi,Assam,4.89,2022-06-23
1481,Seller_01481,Pune,Rajasthan,5.0,2020-11-01
1482,Seller_01482,Imphal,Tamil Nadu,3.61,2024-03-23
1483,Seller_01483,Imphal,West Bengal,3.31,2024-05-13
1484,Seller_01484,Jaipur,Telangana,4.88,2022-04-23
1485,Seller_01485,Mumbai,Assam,4.25,2020-01-31
1486,Seller_01486,Hyderabad,Maharashtra,4.35,2022-04-20
1487,Seller_01487,Pune,Manipur,4.44,2023-07-30
1488,Seller_01488,Pune,Karnataka,3.86,2025-10-05
1489,Seller_01489,Hyderabad,Assam,4.69,2022-04-11
1490,Seller_01490,Delhi,Tamil Nadu,4.63,2024-02-28
1491,Seller_01491,Jaipur,Delhi,4.64,2021-10-13
1492,Seller_01492,Delhi,Telangana,4.43,2022-03-31
1493,Seller_01493,Hyderabad,Maharashtra,4.08,2021-03-23
1494,Seller_01494,Hyderabad,Maharashtra,4.72,2020-03-18
1495,Seller_01495,Kolkata,Delhi,4.32,2020-03-17
1496,Seller_01496,Bengaluru,Rajasthan,4.32,2023-11-05
1497,Seller_01497,Imphal,Assam,3.95,2024-05-15
1498,Seller_01498,Bengaluru,Tamil Nadu,3.62,2022-05-06
1499,Seller_01499,Kolkata,Karnataka,3.43,2021-10-28
1500,Seller_01500,Kolkata,Maharashtra,3.61,2022-05-26
1501,Seller_01501,Imphal,Delhi,4.19,2024-07-17
1502,Seller_01502,Jaipur,Assam,4.36,2022-05-15
1503,Seller_01503,Guwahati,Manipur,4.55,2022-04-20
1504,Seller_01504,Imphal,Manipur,3.72,2021-02-02
1505,Seller_01505,Chennai,Telangana,3.75,2025-09-08
1506,Seller_01506,Pune,Assam,3.65,2025-05-20
1507,Seller_01507,Imphal,West Bengal,4.25,2022-09-02
1508,Seller_01508,Hyderabad,Karnataka,4.84,2024-08-01
1509,Seller_01509,Mumbai,Telangana,3.15,2025-11-26
1510,Seller_01510,Kolkata,Rajasthan,4.22,2023-01-13
1511,Seller_01511,Jaipur,Manipur,4.2,2022-04-19
1512,Seller_01512,Bengaluru,Telangana,4.21,2020-10-16
1513,Seller_01513,Jaipur,Tamil Nadu,3.34,2022-02-03
1514,Seller_01514,Kolkata,West Bengal,3.26,2020-04-07
1515,Seller_01515,Chennai,West Bengal,2.66,2020-03-05
1516,Seller_01516,Delhi,Assam,4.2,2024-06-21
1517,Seller_01517,Mumbai,Tamil Nadu,3.87,2021-03-11
1518,Seller_01518,Delhi,Tamil Nadu,4.92,2021-07-22
1519,Seller_01519,Guwahati,Delhi,3.33,2021-02-14
1520,Seller_01520,Kolkata,Maharashtra,2.9,2020-04-12
1521,Seller_01521,Guwahati,Maharashtra,3.85,2022-04-27
1522,Seller_01522,Guwahati,Maharashtra,4.24,2025-07-24
1523,Seller_01523,Chennai,Tamil Nadu,4.25,2021-09-30
1524,Seller_01524,Bengaluru,Karnataka,3.83,2022-10-05
1525,Seller_01525,Jaipur,Telangana,4.41,2025-11-29
1526,Seller_01526,Mumbai,Manipur,3.36,2024-11-04
1527,Seller_01527,Pune,Rajasthan,4.83,2025-04-21
1528,Seller_01528,Delhi,Rajasthan,3.85,2021-11-27
1529,Seller_01529,Bengaluru,Manipur,3.19,2021-11-30
1530,Seller_01530,Mumbai,West Bengal,3.28,2020-05-13
1531,Seller_01531,Imphal,Delhi,4.55,2023-10-03
1532,Seller_01532,Imphal,Karnataka,3.39,2024-07-16
1533,Seller_01533,Guwahati,Tamil Nadu,4.41,2025-12-31
1534,Seller_01534,Chennai,Karnataka,3.29,2023-07-08
1535,Seller_01535,Pune,Maharashtra,3.36,2025-03-08
1536,Seller_01536,Imphal,Maharashtra,5.0,2025-12-12
1537,Seller_01537,Hyderabad,Manipur,3.74,2021-10-25
1538,Seller_01538,Pune,Manipur,3.15,2020-10-14
1539,Seller_01539,Jaipur,Telangana,4.45,2020-01-23
1540,Seller_01540,Chennai,Karnataka,4.47,2025-07-07
1541,Seller_01541,Guwahati,Assam,3.04,2021-04-03
1542,Seller_01542,Jaipur,Manipur,4.3,2023-12-30
1543,Seller_01543,Mumbai,Maharashtra,3.93,2020-03-28
1544,Seller_01544,Hyderabad,Delhi,4.58,2022-02-03
1545,Seller_01545,Mumbai,Manipur,3.93,2023-07-24
1546,Seller_01546,Pune,Delhi,4.25,2025-11-20
1547,Seller_01547,Pune,Tamil Nadu,3.9,2023-10-27
1548,Seller_01548,Guwahati,Maharashtra,3.49,2021-06-09
1549,Seller_01549,Pune,Manipur,4.89,2024-02-19
1550,Seller_01550,Hyderabad,Maharashtra,5.0,2022-09-01
1551,Seller_01551,Guwahati,Tamil Nadu,4.21,2021-01-27
1552,Seller_01552,Kolkata,West Bengal,5.0,2021-04-09
1553,Seller_01553,Delhi,Assam,4.36,2025-08-21
1554,Seller_01554,Pune,Delhi,3.69,2022-03-17
1555,Seller_01555,Bengaluru,Delhi,3.8,2025-03-07
1556,Seller_01556,Imphal,Manipur,3.67,2024-07-25
1557,Seller_01557,Pune,Manipur,3.56,2024-12-22
1558,Seller_01558,Kolkata,Assam,4.72,2025-11-17
1559,Seller_01559,Guwahati,Maharashtra,3.57,2023-06-13
1560,Seller_01560,Chennai,Telangana,3.39,2024-10-06
1561,Seller_01561,Imphal,West Bengal,3.49,2021-11-02
1562,Seller_01562,Imphal,West Bengal,4.12,2025-02-11
1563,Seller_01563,Jaipur,Maharashtra,4.75,2024-11-18
1564,Seller_01564,Jaipur,Maharashtra,4.06,2021-08-06
1565,Seller_01565,Pune,Manipur,3.83,2023-08-07
1566,Seller_01566,Hyderabad,Assam,3.69,2020-10-11
1567,Seller_01567,Bengaluru,Delhi,4.63,2020-06-25
1568,Seller_01568,Mumbai,Rajasthan,3.71,2023-01-28
1569,Seller_01569,Guwahati,Delhi,3.78,2024-05-27
1570,Seller_01570,Hyderabad,Karnataka,4.97,2022-05-12
1571,Seller_01571,Pune,Delhi,3.74,2020-03-10
1572,Seller_01572,Guwahati,Rajasthan,3.94,2022-08-19
1573,Seller_01573,Mumbai,Telangana,4.35,2022-05-26
1574,Seller_01574,Hyderabad,Assam,3.84,2025-08-01
1575,Seller_01575,Pune,Maharashtra,4.78,2022-05-26
1576,Seller_01576,Imphal,West Bengal,3.99,2022-01-28
1577,Seller_01577,Kolkata,West Bengal,4.56,2021-11-15
1578,Seller_01578,Guwahati,Delhi,5.0,2022-04-11
1579,Seller_01579,Mumbai,Manipur,4.27,2025-03-24
1580,Seller_01580,Pune,Manipur,4.22,2020-08-04
1581,Seller_01581,Pune,Maharashtra,3.96,2023-08-08
1582,Seller_01582,Chennai,Telangana,4.22,2020-11-08
1583,Seller_01583,Hyderabad,Rajasthan,3.95,2021-08-24
1584,Seller_01584,Delhi,Manipur,5.0,2020-09-03
1585,Seller_01585,Bengaluru,Manipur,3.38,2024-05-30
1586,Seller_01586,Mumbai,Telangana,5.0,2021-02-17
1587,Seller_01587,Hyderabad,Delhi,4.46,2025-05-05
1588,Seller_01588,Imphal,Telangana,4.27,2023-07-09
1589,Seller_01589,Pune,Tamil Nadu,4.16,2020-10-18
1590,Seller_01590,Bengaluru,Assam,4.28,2022-03-25
1591,Seller_01591,Hyderabad,Karnataka,4.32,2023-06-05
1592,Seller_01592,Kolkata,Rajasthan,4.51,2024-09-30
1593,Seller_01593,Kolkata,Maharashtra,4.09,2024-11-08
1594,Seller_01594,Imphal,Karnataka,3.76,2023-03-24
1595,Seller_01595,Delhi,Assam,4.27,2021-08-16
1596,Seller_01596,Mumbai,Karnataka,4.36,2024-02-04
1597,Seller_01597,Mumbai,Telangana,3.01,2021-07-14
1598,Seller_01598,Bengaluru,Assam,3.72,2025-08-26
1599,Seller_01599,Bengaluru,Karnataka,4.79,2022-08-19
1600,Seller_01600,Jaipur,Delhi,4.28,2025-07-28
1601,Seller_01601,Delhi,Rajasthan,3.87,2024-12-11
1602,Seller_01602,Imphal,Rajasthan,3.76,2021-02-05
1603,Seller_01603,Jaipur,Maharashtra,3.67,2025-12-01
1604,Seller_01604,Kolkata,Telangana,4.7,2024-06-12
1605,Seller_01605,Pune,Manipur,3.99,2024-05-21
1606,Seller_01606,Imphal,Maharashtra,3.57,2025-04-05
1607,Seller_01607,Delhi,Maharashtra,3.85,2023-10-14
1608,Seller_01608,Hyderabad,Karnataka,3.79,2023-05-01
1609,Seller_01609,Hyderabad,Manipur,4.18,2024-05-22
1610,Seller_01610,Hyderabad,Rajasthan,3.48,2022-07-09
1611,Seller_01611,Jaipur,Tamil Nadu,4.07,2025-06-15
1612,Seller_01612,Bengaluru,Delhi,3.51,2025-02-17
1613,Seller_01613,Imphal,Assam,3.87,2022-02-23
1614,Seller_01614,Chennai,Manipur,4.46,2023-04-15
1615,Seller_01615,Chennai,Assam,3.57,2021-04-28
1616,Seller_01616,Mumbai,Karnataka,3.61,2024-10-26
1617,Seller_01617,Hyderabad,Maharashtra,3.16,2020-11-08
1618,Seller_01618,Kolkata,Karnataka,3.63,2020-04-15
1619,Seller_01619,Pune,West Bengal,4.01,2022-02-07
1620,Seller_01620,Imphal,Maharashtra,4.43,2023-07-21
1621,Seller_01621,Bengaluru,Karnataka,4.5,2024-01-23
1622,Seller_01622,Mumbai,Delhi,4.37,2021-12-10
1623,Seller_01623,Jaipur,Delhi,4.27,2025-09-21
1624,Seller_01624,Kolkata,Karnataka,3.18,2020-09-26
1625,Seller_01625,Jaipur,West Bengal,4.47,2024-03-27
1626,Seller_01626,Chennai,Rajasthan,3.05,2025-07-13
1627,Seller_01627,Guwahati,Maharashtra,3.85,2022-09-10
1628,Seller_01628,Delhi,Delhi,4.43,2023-12-24
1629,Seller_01629,Bengaluru,Telangana,3.06,2020-01-27
1630,Seller_01630,Hyderabad,Karnataka,4.63,2022-09-09
1631,Seller_01631,Guwahati,Tamil Nadu,4.01,2025-09-13
1632,Seller_01632,Imphal,Telangana,5.0,2021-01-06
1633,Seller_01633,Hyderabad,West Bengal,4.3,2021-02-05
1634,Seller_01634,Imphal,Tamil Nadu,3.96,2021-12-31
1635,Seller_01635,Imphal,Telangana,3.24,2025-01-13
1636,Seller_01636,Guwahati,Rajasthan,4.81,2022-11-13
1637,Seller_01637,Chennai,Delhi,3.91,2025-03-15
1638,Seller_01638,Chennai,Telangana,3.97,2020-06-29
1639,Seller_01639,Jaipur,Tamil Nadu,5.0,2025-03-02
1640,Seller_01640,Bengaluru,Telangana,3.84,2020-10-17
1641,Seller_01641,Pune,Tamil Nadu,3.87,2024-08-19
1642,Seller_01642,Pune,Manipur,2.95,2021-04-18
1643,Seller_01643,Pune,Tamil Nadu,4.38,2022-05-19
1644,Seller_01644,Bengaluru,Delhi,3.43,2023-01-04
1645,Seller_01645,Bengaluru,West Bengal,3.6,2020-01-12
1646,Seller_01646,Jaipur,Telangana,4.07,2022-06-09
1647,Seller_01647,Delhi,Maharashtra,5.0,2021-02-12
1648,Seller_01648,Pune,Assam,4.39,2023-02-21
1649,Seller_01649,Delhi,Rajasthan,3.77,2024-07-11
1650,Seller_01650,Guwahati,Karnataka,4.42,2021-09-29
1651,Seller_01651,Bengaluru,Assam,3.75,2020-12-12
1652,Seller_01652,Guwahati,West Bengal,4.84,2021-10-25
1653,Seller_01653,Chennai,Rajasthan,4.18,2023-03-01
1654,Seller_01654,Bengaluru,Maharashtra,3.6,2022-07-12
1655,Seller_01655,Kolkata,Maharashtra,4.07,2023-01-14
1656,Seller_01656,Guwahati,Assam,3.89,2024-06-20
1657,Seller_01657,Kolkata,Delhi,4.54,2023-07-10
1658,Seller_01658,Chennai,Tamil Nadu,4.32,2024-09-01
1659,Seller_01659,Guwahati,Maharashtra,4.19,2023-07-06
1660,Seller_01660,Bengaluru,West Bengal,4.09,2021-04-04
1661,Seller_01661,Bengaluru,Assam,4.82,2025-08-06
1662,Seller_01662,Hyderabad,Assam,4.57,2025-01-08
1663,Seller_01663,Kolkata,West Bengal,3.77,2020-03-26
1664,Seller_01664,Delhi,Karnataka,4.57,2024-06-01
1665,Seller_01665,Pune,Assam,4.16,2020-01-18
1666,Seller_01666,Jaipur,Manipur,3.75,2020-11-27
1667,Seller_01667,Jaipur,Delhi,4.19,2020-05-28
1668,Seller_01668,Jaipur,Rajasthan,4.13,2023-12-16
1669,Seller_01669,Pune,Delhi,3.95,2024-06-21
1670,Seller_01670,Bengaluru,Rajasthan,3.89,2020-04-25
1671,Seller_01671,Bengaluru,Assam,4.31,2021-01-14
1672,Seller_01672,Mumbai,Manipur,3.97,2025-11-11
1673,Seller_01673,Mumbai,Karnataka,3.51,2025-10-26
1674,Seller_01674,Mumbai,Karnataka,4.51,2021-12-29
1675,Seller_01675,Chennai,Tamil Nadu,3.92,2021-03-29
1676,Seller_01676,Bengaluru,Telangana,4.28,2022-01-15
1677,Seller_01677,Delhi,Delhi,3.61,2023-10-23
1678,Seller_01678,Jaipur,Tamil Nadu,3.61,2021-08-26
1679,Seller_01679,Imphal,Rajasthan,3.17,2024-07-20
1680,Seller_01680,Pune,Telangana,3.19,2023-10-31
1681,Seller_01681,Pune,Maharashtra,4.31,2022-12-16
1682,Seller_01682,Chennai,Telangana,4.07,2022-04-15
1683,Seller_01683,Hyderabad,Delhi,3.64,2022-05-16
1684,Seller_01684,Delhi,Assam,5.0,2020-01-04
1685,Seller_01685,Bengaluru,Tamil Nadu,3.85,2021-08-22
1686,Seller_01686,Mumbai,Maharashtra,3.76,2022-05-23
1687,Seller_01687,Kolkata,Delhi,3.78,2021-12-14
1688,Seller_01688,Chennai,Karnataka,3.56,2022-04-06
1689,Seller_01689,Hyderabad,Maharashtra,3.65,2023-06-15
1690,Seller_01690,Imphal,Assam,5.0,2021-03-10
1691,Seller_01691,Guwahati,Karnataka,4.38,2022-08-17
1692,Seller_01692,Pune,Karnataka,3.58,2021-08-30
1693,Seller_01693,Jaipur,Maharashtra,3.9,2022-03-09
1694,Seller_01694,Jaipur,Tamil Nadu,4.22,2020-04-27
1695,Seller_01695,Delhi,Manipur,4.3,2024-08-09
1696,Seller_01696,Jaipur,Telangana,4.65,2024-01-10
1697,Seller_01697,Chennai,Maharashtra,3.88,2024-07-07
1698,Seller_01698,Jaipur,West Bengal,4.39,2022-11-11
1699,Seller_01699,Imphal,Delhi,4.74,2023-07-10
1700,Seller_01700,Bengaluru,Karnataka,4.94,2021-08-31
1701,Seller_01701,Guwahati,Tamil Nadu,3.97,2022-02-18
1702,Seller_01702,Imphal,Rajasthan,4.78,2025-08-27
1703,Seller_01703,Guwahati,Telangana,3.81,2020-04-26
1704,Seller_01704,Imphal,West Bengal,4.06,2024-05-05
1705,Seller_01705,Imphal,West Bengal,4.81,2021-02-03
1706,Seller_01706,Chennai,Maharashtra,3.39,2025-10-28
1707,Seller_01707,Jaipur,Rajasthan,4.39,2021-03-24
1708,Seller_01708,Pune,Maharashtra,3.42,2024-04-10
1709,Seller_01709,Chennai,Telangana,4.41,2023-06-01
1710,Seller_01710,Guwahati,West Bengal,4.39,2024-03-18
1711,Seller_01711,Guwahati,Assam,4.61,2023-09-18
1712,Seller_01712,Guwahati,West Bengal,2.94,2023-04-01
1713,Seller_01713,Jaipur,Karnataka,5.0,2024-06-07
1714,Seller_01714,Delhi,Maharashtra,3.87,2023-08-03
1715,Seller_01715,Kolkata,Delhi,3.85,2024-11-23
1716,Seller_01716,Bengaluru,Karnataka,4.37,2021-04-25
1717,Seller_01717,Mumbai,West Bengal,3.42,2024-03-10
1718,Seller_01718,Pune,Karnataka,4.54,2022-06-13
1719,Seller_01719,Kolkata,Manipur,4.93,2025-08-21
1720,Seller_01720,Bengaluru,Maharashtra,4.1,2020-03-30
1721,Seller_01721,Kolkata,Assam,3.97,2023-09-23
1722,Seller_01722,Jaipur,West Bengal,4.07,2023-12-20
1723,Seller_01723,Guwahati,Maharashtra,4.77,2020-06-29
1724,Seller_01724,Kolkata,Rajasthan,4.07,2025-07-14
1725,Seller_01725,Guwahati,Assam,3.86,2021-03-24
1726,Seller_01726,Pune,Manipur,4.94,2025-07-19
1727,Seller_01727,Imphal,Rajasthan,4.73,2022-07-30
1728,Seller_01728,Mumbai,Maharashtra,3.67,2022-12-14
1729,Seller_01729,Bengaluru,Maharashtra,4.69,2024-03-07
1730,Seller_01730,Jaipur,Tamil Nadu,3.85,2025-03-14
1731,Seller_01731,Hyderabad,Assam,3.69,2024-09-28
1732,Seller_01732,Hyderabad,Delhi,4.9,2022-05-12
1733,Seller_01733,Chennai,Maharashtra,4.52,2021-07-13
1734,Seller_01734,Pune,Delhi,4.5,2020-05-26
1735,Seller_01735,Delhi,Manipur,3.19,2020-06-21
1736,Seller_01736,Chennai,Maharashtra,4.18,2024-04-29
1737,Seller_01737,Imphal,Delhi,4.07,2021-04-19
1738,Seller_01738,Hyderabad,West Bengal,4.3,2021-02-01
1739,Seller_01739,Bengaluru,Manipur,4.51,2025-01-01
1740,Seller_01740,Pune,Delhi,3.19,2023-12-21
1741,Seller_01741,Delhi,Tamil Nadu,4.01,2022-05-26
1742,Seller_01742,Kolkata,Assam,2.76,2024-01-28
1743,Seller_01743,Guwahati,Karnataka,3.67,2022-02-20
1744,Seller_01744,Bengaluru,Tamil Nadu,4.85,2021-04-15
1745,Seller_01745,Hyderabad,Manipur,4.72,2023-08-01
1746,Seller_01746,Pune,Maharashtra,4.06,2024-05-02
1747,Seller_01747,Imphal,Tamil Nadu,3.92,2020-10-25
1748,Seller_01748,Delhi,Karnataka,4.08,2022-12-25
1749,Seller_01749,Chennai,West Bengal,3.97,2023-02-24
1750,Seller_01750,Hyderabad,Manipur,4.2,2023-05-24
1751,Seller_01751,Bengaluru,Delhi,4.51,2020-08-06
1752,Seller_01752,Pune,Assam,4.52,2025-08-02
1753,Seller_01753,Bengaluru,Telangana,3.28,2025-01-09
1754,Seller_01754,Guwahati,Telangana,4.3,2025-03-29
1755,Seller_01755,Pune,Delhi,3.33,2023-07-10
1756,Seller_01756,Chennai,West Bengal,3.85,2025-07-09
1757,Seller_01757,Chennai,Maharashtra,3.18,2020-02-12
1758,Seller_01758,Jaipur,Maharashtra,3.54,2024-09-08
1759,Seller_01759,Guwahati,Telangana,4.45,2024-12-26
1760,Seller_01760,Jaipur,Karnataka,4.0,2025-03-03
1761,Seller_01761,Bengaluru,Assam,4.13,2024-06-13
1762,Seller_01762,Jaipur,Tamil Nadu,5.0,2025-09-21
1763,Seller_01763,Guwahati,Karnataka,3.76,2021-02-06
1764,Seller_01764,Hyderabad,Assam,4.1,2022-11-23
1765,Seller_01765,Hyderabad,Maharashtra,4.61,2025-02-01
1766,Seller_01766,Kolkata,West Bengal,3.84,2021-09-05
1767,Seller_01767,Pune,West Bengal,3.83,2022-12-17
1768,Seller_01768,Hyderabad,Delhi,3.19,2023-08-05
1769,Seller_01769,Guwahati,Karnataka,3.88,2025-07-24
1770,Seller_01770,Chennai,West Bengal,4.26,2022-04-21
1771,Seller_01771,Imphal,Manipur,4.13,2025-02-15
1772,Seller_01772,Kolkata,Assam,2.87,2022-11-20
1773,Seller_01773,Imphal,Maharashtra,4.42,2025-06-22
1774,Seller_01774,Pune,Assam,4.71,2025-11-23
1775,Seller_01775,Bengaluru,Tamil Nadu,3.74,2025-04-29
1776,Seller_01776,Bengaluru,Assam,4.12,2024-08-24
1777,Seller_01777,Bengaluru,Rajasthan,3.38,2020-08-24
1778,Seller_01778,Guwahati,Maharashtra,3.95,2024-06-01
1779,Seller_01779,Bengaluru,West Bengal,3.64,2022-01-13
1780,Seller_01780,Imphal,Tamil Nadu,3.11,2023-03-14
1781,Seller_01781,Bengaluru,Maharashtra,4.74,2021-06-01
1782,Seller_01782,Guwahati,Karnataka,4.25,2022-05-28
1783,Seller_01783,Mumbai,Assam,4.73,2024-09-16
1784,Seller_01784,Chennai,Maharashtra,4.61,2020-01-31
1785,Seller_01785,Guwahati,Telangana,2.53,2020-02-20
1786,Seller_01786,Pune,West Bengal,3.06,2025-02-10
1787,Seller_01787,Kolkata,Rajasthan,4.31,2025-10-09
1788,Seller_01788,Hyderabad,West Bengal,4.4,2024-08-12
1789,Seller_01789,Kolkata,Delhi,4.32,2020-10-12
1790,Seller_01790,Delhi,Tamil Nadu,4.15,2023-05-15
1791,Seller_01791,Delhi,Delhi,3.5,2023-04-13
1792,Seller_01792,Guwahati,Telangana,4.01,2023-10-09
1793,Seller_01793,Jaipur,Maharashtra,4.29,2020-10-27
1794,Seller_01794,Chennai,Rajasthan,3.69,2022-09-03
1795,Seller_01795,Delhi,Manipur,4.3,2024-09-26
1796,Seller_01796,Kolkata,Delhi,4.39,2024-01-05
1797,Seller_01797,Pune,Maharashtra,4.11,2021-02-27
1798,Seller_01798,Delhi,Telangana,3.11,2020-02-04
1799,Seller_01799,Chennai,Manipur,3.9,2024-05-19
1800,Seller_01800,Jaipur,Karnataka,4.08,2022-10-22
1801,Seller_01801,Chennai,Tamil Nadu,3.63,2022-01-29
1802,Seller_01802,Chennai,Tamil Nadu,3.46,2025-11-26
1803,Seller_01803,Mumbai,Maharashtra,4.21,2020-08-23
1804,Seller_01804,Delhi,Delhi,4.57,2022-05-31
1805,Seller_01805,Delhi,Rajasthan,4.35,2024-10-18
1806,Seller_01806,Guwahati,Maharashtra,3.92,2022-04-26
1807,Seller_01807,Pune,Rajasthan,3.8,2025-10-11
1808,Seller_01808,Hyderabad,Karnataka,4.49,2024-06-28
1809,Seller_01809,Delhi,Tamil Nadu,3.32,2020-08-16
1810,Seller_01810,Bengaluru,Delhi,3.52,2021-12-20
1811,Seller_01811,Bengaluru,West Bengal,4.11,2025-10-25
1812,Seller_01812,Mumbai,Telangana,3.34,2022-02-05
1813,Seller_01813,Pune,Delhi,4.14,2021-07-12
1814,Seller_01814,Kolkata,Delhi,3.7,2021-03-29
1815,Seller_01815,Delhi,Maharashtra,3.65,2024-04-25
1816,Seller_01816,Mumbai,Telangana,4.42,2022-12-16
1817,Seller_01817,Mumbai,West Bengal,4.75,2022-04-28
1818,Seller_01818,Kolkata,Maharashtra,3.67,2023-11-24
1819,Seller_01819,Bengaluru,Karnataka,4.63,2020-05-05
1820,Seller_01820,Bengaluru,Maharashtra,3.15,2020-11-20
1821,Seller_01821,Mumbai,Rajasthan,3.74,2022-04-23
1822,Seller_01822,Delhi,Manipur,4.07,2025-06-26
1823,Seller_01823,Guwahati,Maharashtra,4.76,2023-09-23
1824,Seller_01824,Delhi,Karnataka,4.0,2023-11-18
1825,Seller_01825,Guwahati,Tamil Nadu,4.41,2024-01-21
1826,Seller_01826,Kolkata,Maharashtra,3.63,2024-10-03
1827,Seller_01827,Kolkata,Manipur,4.48,2023-07-05
1828,Seller_01828,Hyderabad,Delhi,3.67,2021-10-10
1829,Seller_01829,Imphal,West Bengal,4.93,2020-02-09
1830,Seller_01830,Guwahati,Karnataka,4.77,2020-01-09
1831,Seller_01831,Imphal,Karnataka,3.83,2021-10-22
1832,Seller_01832,Guwahati,Telangana,3.62,2021-11-09
1833,Seller_01833,Delhi,West Bengal,4.1,2021-07-11
1834,Seller_01834,Delhi,Karnataka,4.39,2023-05-07
1835,Seller_01835,Delhi,Tamil Nadu,4.69,2023-03-11
1836,Seller_01836,Pune,Rajasthan,4.8,2021-01-30
1837,Seller_01837,Hyderabad,Tamil Nadu,3.9,2024-06-10
1838,Seller_01838,Chennai,Maharashtra,3.93,2022-03-30
1839,Seller_01839,Chennai,Telangana,4.08,2022-09-13
1840,Seller_01840,Chennai,Assam,3.99,2022-01-13
1841,Seller_01841,Delhi,Telangana,3.45,2024-09-28
1842,Seller_01842,Mumbai,Karnataka,4.12,2024-09-05
1843,Seller_01843,Jaipur,Manipur,5.0,2022-12-18
1844,Seller_01844,Delhi,Delhi,4.39,2023-10-02
1845,Seller_01845,Mumbai,West Bengal,4.05,2023-11-21
1846,Seller_01846,Pune,Assam,3.19,2021-01-14
1847,Seller_01847,Pune,Delhi,3.94,2021-11-23
1848,Seller_01848,Delhi,Rajasthan,4.91,2023-05-03
1849,Seller_01849,Delhi,West Bengal,3.52,2020-03-27
1850,Seller_01850,Chennai,Delhi,3.59,2023-06-18
1851,Seller_01851,Pune,Tamil Nadu,4.0,2020-12-11
1852,Seller_01852,Hyderabad,Delhi,3.83,2024-02-22
1853,Seller_01853,Pune,Rajasthan,4.23,2025-03-06
1854,Seller_01854,Guwahati,Assam,3.92,2021-12-03
1855,Seller_01855,Guwahati,Telangana,3.78,2025-07-12
1856,Seller_01856,Hyderabad,Karnataka,4.7,2025-05-30
1857,Seller_01857,Guwahati,Tamil Nadu,4.21,2020-01-02
1858,Seller_01858,Pune,Rajasthan,4.21,2023-07-09
1859,Seller_01859,Delhi,Karnataka,5.0,2025-04-21
1860,Seller_01860,Imphal,West Bengal,3.82,2024-07-22
1861,Seller_01861,Mumbai,Karnataka,3.99,2024-08-23
1862,Seller_01862,Pune,Delhi,3.9,2025-11-06
1863,Seller_01863,Chennai,Tamil Nadu,3.62,2021-01-14
1864,Seller_01864,Chennai,Maharashtra,4.62,2024-09-05
1865,Seller_01865,Kolkata,Assam,4.78,2020-02-12
1866,Seller_01866,Delhi,West Bengal,5.0,2024-11-14
1867,Seller_01867,Kolkata,Karnataka,4.41,2020-12-12
1868,Seller_01868,Mumbai,Maharashtra,3.77,2020-09-10
1869,Seller_01869,Guwahati,Tamil Nadu,3.67,2025-03-12
1870,Seller_01870,Imphal,Karnataka,4.77,2024-07-17
1871,Seller_01871,Bengaluru,Delhi,2.44,2020-10-28
1872,Seller_01872,Hyderabad,Maharashtra,3.66,2022-02-15
1873,Seller_01873,Pune,Assam,5.0,2020-11-20
1874,Seller_01874,Imphal,Tamil Nadu,4.17,2020-11-13
1875,Seller_01875,Mumbai,Tamil Nadu,3.58,2020-06-22
1876,Seller_01876,Kolkata,Manipur,4.07,2021-12-29
1877,Seller_01877,Delhi,Rajasthan,4.04,2023-02-25
1878,Seller_01878,Mumbai,Rajasthan,3.88,2020-03-05
1879,Seller_01879,Chennai,Delhi,3.95,2022-03-17
1880,Seller_01880,Mumbai,Tamil Nadu,3.39,2025-02-10
1881,Seller_01881,Kolkata,West Bengal,4.65,2024-05-30
1882,Seller_01882,Mumbai,Manipur,4.87,2022-01-18
1883,Seller_01883,Pune,Telangana,4.33,2023-02-15
1884,Seller_01884,Imphal,Rajasthan,3.53,2024-08-23
1885,Seller_01885,Pune,Maharashtra,3.61,2025-05-24
1886,Seller_01886,Bengaluru,Assam,5.0,2024-12-18
1887,Seller_01887,Guwahati,Karnataka,4.71,2024-03-14
1888,Seller_01888,Jaipur,Assam,5.0,2025-12-24
1889,Seller_01889,Kolkata,Assam,5.0,2020-07-01
1890,Seller_01890,Kolkata,Delhi,4.08,2020-08-04
1891,Seller_01891,Delhi,Telangana,3.56,2020-03-11
1892,Seller_01892,Hyderabad,Maharashtra,4.42,2024-12-02
1893,Seller_01893,Chennai,Telangana,3.52,2024-09-20
1894,Seller_01894,Mumbai,Maharashtra,4.18,2024-03-20
1895,Seller_01895,Jaipur,Delhi,4.36,2024-07-07
1896,Seller_01896,Kolkata,Telangana,4.37,2024-01-19
1897,Seller_01897,Bengaluru,Karnataka,3.61,2024-05-12
1898,Seller_01898,Mumbai,Assam,3.93,2021-11-17
1899,Seller_01899,Hyderabad,Rajasthan,4.17,2024-04-13
1900,Seller_01900,Pune,Delhi,3.41,2020-07-17
1901,Seller_01901,Jaipur,Maharashtra,4.57,2020-09-04
1902,Seller_01902,Guwahati,Manipur,3.2,2025-04-17
1903,Seller_01903,Hyderabad,Tamil Nadu,3.57,2022-02-24
1904,Seller_01904,Kolkata,Tamil Nadu,4.48,2024-10-22
1905,Seller_01905,Chennai,Telangana,3.33,2021-08-21
1906,Seller_01906,Kolkata,Manipur,3.77,2020-08-04
1907,Seller_01907,Guwahati,Delhi,4.01,2024-05-13
1908,Seller_01908,Chennai,Assam,3.9,2022-08-12
1909,Seller_01909,Chennai,West Bengal,3.78,2024-12-14
1910,Seller_01910,Hyderabad,Manipur,3.48,2021-02-27
1911,Seller_01911,Delhi,Manipur,4.7,2024-08-01
1912,Seller_01912,Imphal,Maharashtra,3.42,2021-01-28
1913,Seller_01913,Guwahati,Rajasthan,4.19,2023-11-08
1914,Seller_01914,Imphal,Manipur,4.14,2023-08-04
1915,Seller_01915,Chennai,Assam,2.91,2020-11-09
1916,Seller_01916,Bengaluru,Assam,4.51,2024-08-29
1917,Seller_01917,Bengaluru,Tamil Nadu,3.43,2021-10-30
1918,Seller_01918,Mumbai,Telangana,3.59,2022-02-04
1919,Seller_01919,Guwahati,Karnataka,4.18,2024-06-01
1920,Seller_01920,Pune,Assam,3.84,2022-01-19
1921,Seller_01921,Bengaluru,Rajasthan,4.23,2020-08-05
1922,Seller_01922,Hyderabad,Karnataka,3.62,2022-02-12
1923,Seller_01923,Chennai,Maharashtra,4.99,2022-07-29
1924,Seller_01924,Chennai,Manipur,3.7,2022-09-17
1925,Seller_01925,Imphal,Manipur,3.95,2023-08-13
1926,Seller_01926,Jaipur,Tamil Nadu,4.73,2024-10-28
1927,Seller_01927,Mumbai,Karnataka,4.84,2024-06-07
1928,Seller_01928,Pune,Delhi,3.59,2021-11-30
1929,Seller_01929,Jaipur,Assam,3.7,2023-02-21
1930,Seller_01930,Delhi,Delhi,4.22,2021-10-24
1931,Seller_01931,Imphal,Manipur,4.07,2022-10-27
1932,Seller_01932,Chennai,Delhi,3.74,2024-01-22
1933,Seller_01933,Kolkata,Delhi,5.0,2020-09-04
1934,Seller_01934,Pune,Tamil Nadu,2.64,2024-10-02
1935,Seller_01935,Mumbai,Telangana,4.0,2024-12-14
1936,Seller_01936,Kolkata,Karnataka,4.87,2022-11-19
1937,Seller_01937,Jaipur,Maharashtra,3.92,2022-06-02
1938,Seller_01938,Guwahati,Maharashtra,5.0,2021-03-11
1939,Seller_01939,Mumbai,Assam,3.9,2024-01-13
1940,Seller_01940,Pune,Rajasthan,2.98,2023-09-27
1941,Seller_01941,Pune,Karnataka,3.82,2022-10-29
1942,Seller_01942,Pune,Delhi,4.16,2022-10-04
1943,Seller_01943,Imphal,Tamil Nadu,3.89,2023-03-28
1944,Seller_01944,Mumbai,Rajasthan,4.47,2021-03-16
1945,Seller_01945,Pune,Delhi,4.03,2025-05-23
1946,Seller_01946,Kolkata,Delhi,4.72,2021-05-03
1947,Seller_01947,Pune,Rajasthan,4.55,2020-03-11
1948,Seller_01948,Bengaluru,Karnataka,3.84,2025-05-30
1949,Seller_01949,Chennai,Assam,4.2,2023-04-03
1950,Seller_01950,Bengaluru,Manipur,4.0,2023-07-31
1951,Seller_01951,Imphal,Telangana,3.78,2023-07-11
1952,Seller_01952,Chennai,Rajasthan,3.76,2020-01-22
1953,Seller_01953,Guwahati,Delhi,3.87,2021-02-28
1954,Seller_01954,Chennai,Tamil Nadu,5.0,2023-09-10
1955,Seller_01955,Chennai,Manipur,4.28,2025-04-29
1956,Seller_01956,Chennai,Assam,4.0,2023-04-03
1957,Seller_01957,Guwahati,West Bengal,4.57,2021-03-16
1958,Seller_01958,Guwahati,Maharashtra,3.8,2020-01-31
1959,Seller_01959,Guwahati,Manipur,4.45,2025-09-17
1960,Seller_01960,Chennai,Rajasthan,4.11,2024-06-26
1961,Seller_01961,Imphal,Telangana,3.11,2022-07-16
1962,Seller_01962,Imphal,Karnataka,3.58,2024-09-23
1963,Seller_01963,Mumbai,Manipur,3.51,2024-05-04
1964,Seller_01964,Guwahati,Rajasthan,4.12,2021-06-22
1965,Seller_01965,Chennai,Delhi,4.27,2021-05-12
1966,Seller_01966,Chennai,Manipur,3.59,2024-01-06
1967,Seller_01967,Imphal,Assam,4.53,2023-11-16
1968,Seller_01968,Imphal,West Bengal,4.56,2021-01-25
1969,Seller_01969,Guwahati,Telangana,3.74,2022-03-06
1970,Seller_01970,Chennai,Telangana,3.66,2022-12-31
1971,Seller_01971,Kolkata,Manipur,3.8,2022-04-28
1972,Seller_01972,Guwahati,Tamil Nadu,3.88,2023-05-07
1973,Seller_01973,Pune,Karnataka,3.54,2021-06-06
1974,Seller_01974,Imphal,Tamil Nadu,3.81,2020-08-31
1975,Seller_01975,Kolkata,Assam,4.21,2021-11-23
1976,Seller_01976,Delhi,Assam,4.42,2020-04-01
1977,Seller_01977,Guwahati,Karnataka,4.58,2022-06-18
1978,Seller_01978,Jaipur,Karnataka,5.0,2023-06-08
1979,Seller_01979,Bengaluru,Delhi,3.82,2021-09-19
1980,Seller_01980,Guwahati,West Bengal,3.9,2025-09-24
1981,Seller_01981,Mumbai,Karnataka,4.58,2022-11-10
1982,Seller_01982,Hyderabad,Rajasthan,4.31,2020-10-22
1983,Seller_01983,Bengaluru,Delhi,3.54,2021-02-22
1984,Seller_01984,Mumbai,Assam,3.48,2024-12-09
1985,Seller_01985,Hyderabad,Karnataka,4.39,2024-06-03
1986,Seller_01986,Delhi,Maharashtra,4.13,2023-09-05
1987,Seller_01987,Chennai,Telangana,2.79,2024-12-12
1988,Seller_01988,Delhi,Assam,2.49,2025-09-08
1989,Seller_01989,Jaipur,Tamil Nadu,4.32,2020-02-08
1990,Seller_01990,Chennai,West Bengal,4.02,2024-10-19
1991,Seller_01991,Mumbai,Tamil Nadu,3.88,2024-09-18
1992,Seller_01992,Delhi,Tamil Nadu,4.82,2024-11-01
1993,Seller_01993,Hyderabad,Tamil Nadu,3.95,2020-10-01
1994,Seller_01994,Chennai,Telangana,4.03,2021-08-01
1995,Seller_01995,Bengaluru,Delhi,5.0,2024-01-16
1996,Seller_01996,Guwahati,Tamil Nadu,3.75,2023-06-24
1997,Seller_01997,Kolkata,Maharashtra,3.79,2023-09-19
1998,Seller_01998,Kolkata,Rajasthan,3.58,2024-04-11
1999,Seller_01999,Pune,Karnataka,4.82,2021-12-23
2000,Seller_02000,Kolkata,Maharashtra,4.74,2021-11-16
2001,Seller_02001,Bengaluru,Rajasthan,4.15,2023-09-24
2002,Seller_02002,Pune,West Bengal,4.02,2025-02-24
2003,Seller_02003,Kolkata,Assam,3.8,2021-08-11
2004,Seller_02004,Pune,Manipur,4.54,2020-04-23
2005,Seller_02005,Delhi,Rajasthan,4.44,2020-12-11
2006,Seller_02006,Kolkata,Rajasthan,3.46,2024-10-28
2007,Seller_02007,Imphal,Manipur,3.92,2022-03-20
2008,Seller_02008,Imphal,West Bengal,3.84,2020-11-02
2009,Seller_02009,Mumbai,Delhi,3.85,2023-03-18
2010,Seller_02010,Chennai,Assam,3.38,2023-11-10
2011,Seller_02011,Guwahati,Delhi,4.28,2022-12-17
2012,Seller_02012,Bengaluru,Telangana,3.15,2025-06-20
2013,Seller_02013,Imphal,Maharashtra,4.3,2025-10-31
2014,Seller_02014,Jaipur,Tamil Nadu,4.36,2020-09-15
2015,Seller_02015,Jaipur,Delhi,4.18,2021-11-16
2016,Seller_02016,Delhi,Maharashtra,4.01,2023-03-30
2017,Seller_02017,Chennai,Delhi,3.73,2022-09-25
2018,Seller_02018,Guwahati,West Bengal,4.31,2025-04-17
2019,Seller_02019,Imphal,Karnataka,3.97,2024-03-22
2020,Seller_02020,Hyderabad,Assam,3.01,2022-01-08
2021,Seller_02021,Chennai,Manipur,3.73,2025-03-27
2022,Seller_02022,Pune,Telangana,4.17,2023-04-16
2023,Seller_02023,Chennai,West Bengal,2.86,2020-07-26
2024,Seller_02024,Chennai,Telangana,3.26,2023-11-28
2025,Seller_02025,Hyderabad,Manipur,4.86,2020-10-20
2026,Seller_02026,Chennai,Assam,4.48,2021-01-11
2027,Seller_02027,Guwahati,West Bengal,3.9,2021-02-13
2028,Seller_02028,Pune,West Bengal,3.25,2025-11-16
2029,Seller_02029,Chennai,Telangana,5.0,2022-09-18
2030,Seller_02030,Jaipur,West Bengal,3.49,2021-05-04
2031,Seller_02031,Pune,Maharashtra,3.89,2022-08-25
2032,Seller_02032,Guwahati,Manipur,3.75,2024-01-26
2033,Seller_02033,Guwahati,Maharashtra,4.09,2021-12-18
2034,Seller_02034,Jaipur,West Bengal,4.9,2024-05-16
2035,Seller_02035,Mumbai,Delhi,3.9,2021-06-15
2036,Seller_02036,Kolkata,Rajasthan,4.06,2022-09-30
2037,Seller_02037,Pune,Manipur,3.67,2021-11-11
2038,Seller_02038,Delhi,Maharashtra,4.45,2021-04-29
2039,Seller_02039,Mumbai,Telangana,3.91,2021-05-06
2040,Seller_02040,Hyderabad,Manipur,3.94,2023-12-16
2041,Seller_02041,Mumbai,Rajasthan,3.82,2024-06-18
2042,Seller_02042,Mumbai,Delhi,3.62,2022-01-01
2043,Seller_02043,Jaipur,Rajasthan,3.86,2024-04-17
2044,Seller_02044,Mumbai,Tamil Nadu,4.17,2024-09-26
2045,Seller_02045,Guwahati,Assam,3.07,2022-07-21
2046,Seller_02046,Bengaluru,Tamil Nadu,4.53,2023-12-08
2047,Seller_02047,Kolkata,Manipur,3.68,2023-12-01
2048,Seller_02048,Pune,West Bengal,3.47,2021-02-16
2049,Seller_02049,Hyderabad,Manipur,3.08,2025-06-10
2050,Seller_02050,Guwahati,Tamil Nadu,3.38,2023-04-15
2051,Seller_02051,Kolkata,Manipur,4.51,2023-03-21
2052,Seller_02052,Bengaluru,Rajasthan,3.93,2024-06-22
2053,Seller_02053,Hyderabad,Rajasthan,4.72,2021-02-10
2054,Seller_02054,Bengaluru,Telangana,3.69,2022-12-27
2055,Seller_02055,Mumbai,Telangana,3.44,2021-12-06
2056,Seller_02056,Pune,Telangana,4.36,2021-01-22
2057,Seller_02057,Hyderabad,Karnataka,2.87,2023-03-03
2058,Seller_02058,Kolkata,Telangana,3.33,2020-04-05
2059,Seller_02059,Bengaluru,Tamil Nadu,4.23,2021-09-14
2060,Seller_02060,Imphal,Maharashtra,4.15,2020-02-03
2061,Seller_02061,Imphal,Tamil Nadu,3.32,2024-10-18
2062,Seller_02062,Hyderabad,Tamil Nadu,3.61,2021-10-31
2063,Seller_02063,Imphal,Karnataka,4.76,2022-10-02
2064,Seller_02064,Guwahati,West Bengal,4.91,2020-03-14
2065,Seller_02065,Jaipur,Manipur,3.07,2021-06-25
2066,Seller_02066,Hyderabad,Tamil Nadu,3.43,2023-08-29
2067,Seller_02067,Pune,Assam,4.26,2025-10-23
2068,Seller_02068,Mumbai,Maharashtra,4.37,2022-11-03
2069,Seller_02069,Mumbai,Maharashtra,4.63,2020-06-30
2070,Seller_02070,Hyderabad,West Bengal,4.66,2025-04-22
2071,Seller_02071,Chennai,Maharashtra,4.22,2021-04-25
2072,Seller_02072,Pune,West Bengal,3.15,2025-11-06
2073,Seller_02073,Imphal,Telangana,3.59,2020-06-07
2074,Seller_02074,Hyderabad,West Bengal,3.7,2023-02-07
2075,Seller_02075,Delhi,Maharashtra,3.32,2020-10-12
2076,Seller_02076,Pune,Rajasthan,3.54,2020-01-09
2077,Seller_02077,Jaipur,Manipur,4.56,2021-01-24
2078,Seller_02078,Bengaluru,Karnataka,4.42,2022-10-06
2079,Seller_02079,Pune,Rajasthan,4.4,2024-06-23
2080,Seller_02080,Guwahati,Tamil Nadu,3.88,2022-10-26
2081,Seller_02081,Pune,Telangana,3.77,2023-03-30
2082,Seller_02082,Kolkata,West Bengal,3.97,2024-10-17
2083,Seller_02083,Delhi,Delhi,4.35,2024-06-15
2084,Seller_02084,Chennai,Maharashtra,4.42,2022-07-21
2085,Seller_02085,Chennai,Assam,4.04,2020-05-06
2086,Seller_02086,Hyderabad,Manipur,3.52,2022-06-12
2087,Seller_02087,Chennai,Delhi,4.63,2025-12-06
2088,Seller_02088,Bengaluru,Tamil Nadu,3.55,2025-11-26
2089,Seller_02089,Chennai,Delhi,4.01,2021-11-12
2090,Seller_02090,Bengaluru,Manipur,4.46,2025-02-22
2091,Seller_02091,Delhi,West Bengal,4.44,2020-05-19
2092,Seller_02092,Bengaluru,Manipur,4.9,2023-02-06
2093,Seller_02093,Guwahati,Delhi,3.63,2023-07-31
2094,Seller_02094,Delhi,Telangana,4.49,2021-11-16
2095,Seller_02095,Mumbai,West Bengal,4.51,2024-07-03
2096,Seller_02096,Delhi,Delhi,4.77,2021-09-27
2097,Seller_02097,Delhi,Telangana,4.16,2023-04-28
2098,Seller_02098,Guwahati,Rajasthan,4.87,2021-05-07
2099,Seller_02099,Chennai,Rajasthan,3.76,2024-02-14
2100,Seller_02100,Hyderabad,Telangana,4.08,2020-03-25
2101,Seller_02101,Guwahati,Assam,5.0,2020-09-01
2102,Seller_02102,Hyderabad,Tamil Nadu,4.35,2021-07-18
2103,Seller_02103,Hyderabad,Maharashtra,3.24,2022-04-21
2104,Seller_02104,Imphal,Telangana,3.8,2020-10-23
2105,Seller_02105,Pune,Maharashtra,3.91,2023-01-23
2106,Seller_02106,Chennai,Manipur,4.09,2022-10-18
2107,Seller_02107,Kolkata,Tamil Nadu,3.09,2025-03-29
2108,Seller_02108,Kolkata,Manipur,3.25,2021-01-16
2109,Seller_02109,Bengaluru,Rajasthan,5.0,2021-11-15
2110,Seller_02110,Hyderabad,West Bengal,4.04,2023-04-04
2111,Seller_02111,Delhi,Manipur,5.0,2025-12-26
2112,Seller_02112,Chennai,Assam,4.82,2022-07-29
2113,Seller_02113,Hyderabad,Telangana,4.06,2020-09-07
2114,Seller_02114,Bengaluru,Delhi,5.0,2021-02-27
2115,Seller_02115,Guwahati,Telangana,5.0,2023-05-28
2116,Seller_02116,Bengaluru,Rajasthan,4.58,2024-10-13
2117,Seller_02117,Mumbai,Assam,4.55,2023-07-31
2118,Seller_02118,Pune,Manipur,3.97,2024-09-03
2119,Seller_02119,Delhi,Rajasthan,3.11,2023-03-11
2120,Seller_02120,Mumbai,Karnataka,5.0,2020-04-12
2121,Seller_02121,Mumbai,Manipur,4.63,2025-03-26
2122,Seller_02122,Bengaluru,West Bengal,4.96,2025-04-08
2123,Seller_02123,Bengaluru,Rajasthan,4.56,2024-03-06
2124,Seller_02124,Bengaluru,Manipur,4.41,2022-07-16
2125,Seller_02125,Bengaluru,Maharashtra,3.64,2020-05-08
2126,Seller_02126,Delhi,West Bengal,4.12,2023-10-03
2127,Seller_02127,Kolkata,Tamil Nadu,3.5,2022-05-18
2128,Seller_02128,Delhi,Manipur,3.99,2021-06-23
2129,Seller_02129,Bengaluru,West Bengal,5.0,2021-09-27
2130,Seller_02130,Pune,Telangana,4.14,2022-03-07
2131,Seller_02131,Guwahati,Rajasthan,4.43,2025-06-17
2132,Seller_02132,Kolkata,Assam,4.69,2020-08-10
2133,Seller_02133,Imphal,Tamil Nadu,4.33,2025-06-03
2134,Seller_02134,Guwahati,Rajasthan,4.02,2025-09-15
2135,Seller_02135,Chennai,Delhi,4.06,2025-09-07
2136,Seller_02136,Kolkata,Maharashtra,4.12,2024-11-20
2137,Seller_02137,Chennai,Rajasthan,3.87,2024-06-13
2138,Seller_02138,Chennai,West Bengal,3.28,2024-01-27
2139,Seller_02139,Pune,Assam,4.03,2020-10-24
2140,Seller_02140,Delhi,Karnataka,5.0,2020-10-16
2141,Seller_02141,Pune,Tamil Nadu,4.11,2023-07-06
2142,Seller_02142,Hyderabad,Manipur,4.31,2020-10-12
2143,Seller_02143,Jaipur,Tamil Nadu,3.74,2021-04-20
2144,Seller_02144,Mumbai,West Bengal,4.11,2025-10-28
2145,Seller_02145,Imphal,West Bengal,3.4,2024-07-27
2146,Seller_02146,Delhi,West Bengal,4.05,2024-04-14
2147,Seller_02147,Delhi,Maharashtra,4.6,2024-08-19
2148,Seller_02148,Delhi,Assam,3.61,2023-04-18
2149,Seller_02149,Bengaluru,Delhi,3.28,2025-07-16
2150,Seller_02150,Jaipur,Delhi,4.54,2023-08-07
2151,Seller_02151,Bengaluru,Maharashtra,5.0,2024-09-23
2152,Seller_02152,Imphal,West Bengal,3.69,2020-06-05
2153,Seller_02153,Delhi,Manipur,4.63,2021-05-20
2154,Seller_02154,Hyderabad,Tamil Nadu,3.52,2021-09-13
2155,Seller_02155,Delhi,Assam,3.89,2022-06-30
2156,Seller_02156,Hyderabad,West Bengal,3.28,2020-07-16
2157,Seller_02157,Bengaluru,Manipur,4.26,2021-02-21
2158,Seller_02158,Kolkata,Telangana,4.38,2020-07-24
2159,Seller_02159,Hyderabad,Assam,4.23,2021-10-31
2160,Seller_02160,Delhi,Manipur,4.06,2022-05-20
2161,Seller_02161,Kolkata,Karnataka,4.02,2024-04-23
2162,Seller_02162,Bengaluru,West Bengal,4.21,2025-06-30
2163,Seller_02163,Imphal,Telangana,4.44,2023-10-13
2164,Seller_02164,Chennai,Assam,4.05,2025-08-26
2165,Seller_02165,Chennai,West Bengal,4.4,2022-09-06
2166,Seller_02166,Hyderabad,Assam,4.83,2022-01-08
2167,Seller_02167,Guwahati,Telangana,4.45,2020-12-25
2168,Seller_02168,Mumbai,West Bengal,3.58,2023-06-25
2169,Seller_02169,Bengaluru,Delhi,4.95,2023-09-30
2170,Seller_02170,Hyderabad,Tamil Nadu,3.81,2025-01-25
2171,Seller_02171,Jaipur,Karnataka,4.79,2022-09-19
2172,Seller_02172,Kolkata,West Bengal,3.55,2022-02-07
2173,Seller_02173,Bengaluru,Maharashtra,4.15,2024-08-28
2174,Seller_02174,Guwahati,Tamil Nadu,4.46,2024-10-31
2175,Seller_02175,Kolkata,Manipur,4.11,2024-06-24
2176,Seller_02176,Kolkata,Karnataka,3.49,2024-01-05
2177,Seller_02177,Hyderabad,Karnataka,5.0,2022-05-10
2178,Seller_02178,Hyderabad,Rajasthan,3.71,2024-01-27
2179,Seller_02179,Pune,Assam,4.38,2024-06-19
2180,Seller_02180,Jaipur,Delhi,4.8,2024-08-20
2181,Seller_02181,Jaipur,Maharashtra,3.9,2023-07-10
2182,Seller_02182,Pune,West Bengal,4.7,2025-05-05
2183,Seller_02183,Pune,Delhi,4.07,2025-05-11
2184,Seller_02184,Imphal,Delhi,4.47,2024-04-28
2185,Seller_02185,Imphal,Maharashtra,3.26,2021-02-06
2186,Seller_02186,Kolkata,Manipur,3.0,2024-10-01
2187,Seller_02187,Pune,Assam,5.0,2023-01-23
2188,Seller_02188,Imphal,Delhi,4.76,2020-02-04
2189,Seller_02189,Bengaluru,Telangana,4.33,2023-06-25
2190,Seller_02190,Kolkata,Assam,3.59,2021-09-24
2191,Seller_02191,Jaipur,Rajasthan,3.89,2025-05-26
2192,Seller_02192,Mumbai,Tamil Nadu,4.28,2024-04-07
2193,Seller_02193,Chennai,Maharashtra,4.39,2021-06-02
2194,Seller_02194,Kolkata,Tamil Nadu,4.4,2023-01-23
2195,Seller_02195,Guwahati,Telangana,4.07,2024-02-02
2196,Seller_02196,Chennai,Delhi,4.29,2021-06-23
2197,Seller_02197,Imphal,Maharashtra,4.81,2023-05-28
2198,Seller_02198,Chennai,West Bengal,5.0,2025-05-07
2199,Seller_02199,Jaipur,Delhi,3.52,2024-04-12
2200,Seller_02200,Imphal,Assam,5.0,2020-06-06
2201,Seller_02201,Bengaluru,Assam,5.0,2022-03-10
2202,Seller_02202,Guwahati,Tamil Nadu,4.28,2020-12-04
2203,Seller_02203,Chennai,Telangana,4.34,2020-04-22
2204,Seller_02204,Guwahati,Manipur,4.2,2021-05-12
2205,Seller_02205,Delhi,Maharashtra,3.84,2024-06-12
2206,Seller_02206,Mumbai,Assam,3.61,2020-07-13
2207,Seller_02207,Bengaluru,Delhi,4.33,2022-01-07
2208,Seller_02208,Bengaluru,Manipur,4.15,2021-09-27
2209,Seller_02209,Mumbai,Tamil Nadu,4.4,2023-10-16
2210,Seller_02210,Pune,Manipur,4.59,2022-12-29
2211,Seller_02211,Kolkata,Delhi,3.71,2021-06-13
2212,Seller_02212,Bengaluru,Manipur,4.64,2025-05-28
2213,Seller_02213,Chennai,Karnataka,3.25,2023-11-22
2214,Seller_02214,Chennai,West Bengal,4.06,2025-09-20
2215,Seller_02215,Imphal,Manipur,4.54,2025-07-01
2216,Seller_02216,Pune,Delhi,4.01,2021-02-06
2217,Seller_02217,Jaipur,Tamil Nadu,4.5,2020-03-07
2218,Seller_02218,Guwahati,Rajasthan,3.63,2021-06-26
2219,Seller_02219,Delhi,Delhi,3.85,2021-07-01
2220,Seller_02220,Jaipur,Assam,4.0,2024-06-03
2221,Seller_02221,Pune,Rajasthan,4.2,2023-07-21
2222,Seller_02222,Hyderabad,Delhi,3.38,2024-03-24
2223,Seller_02223,Bengaluru,Rajasthan,4.17,2025-04-26
2224,Seller_02224,Kolkata,Tamil Nadu,4.02,2021-05-13
2225,Seller_02225,Guwahati,Tamil Nadu,4.02,2024-08-28
2226,Seller_02226,Guwahati,Rajasthan,4.71,2021-03-22
2227,Seller_02227,Jaipur,Telangana,4.7,2022-05-27
2228,Seller_02228,Delhi,Manipur,2.86,2021-10-10
2229,Seller_02229,Delhi,Tamil Nadu,4.39,2020-09-14
2230,Seller_02230,Chennai,Karnataka,3.9,2022-11-08
2231,Seller_02231,Delhi,Manipur,4.38,2024-08-16
2232,Seller_02232,Kolkata,Rajasthan,3.86,2021-04-22
2233,Seller_02233,Jaipur,Tamil Nadu,4.32,2020-05-30
2234,Seller_02234,Kolkata,Delhi,4.14,2025-05-12
2235,Seller_02235,Mumbai,Rajasthan,4.07,2023-12-02
2236,Seller_02236,Mumbai,Karnataka,4.64,2025-11-17
2237,Seller_02237,Pune,West Bengal,4.16,2023-09-12
2238,Seller_02238,Imphal,West Bengal,4.53,2020-04-26
2239,Seller_02239,Kolkata,Maharashtra,4.54,2021-10-19
2240,Seller_02240,Jaipur,Tamil Nadu,3.24,2023-12-20
2241,Seller_02241,Delhi,West Bengal,3.74,2022-11-12
2242,Seller_02242,Pune,Tamil Nadu,4.19,2024-09-27
2243,Seller_02243,Mumbai,Delhi,4.03,2024-08-11
2244,Seller_02244,Kolkata,Tamil Nadu,4.47,2023-01-21
2245,Seller_02245,Mumbai,Maharashtra,4.6,2025-11-15
2246,Seller_02246,Delhi,Maharashtra,2.89,2020-01-05
2247,Seller_02247,Kolkata,Rajasthan,4.09,2022-12-26
2248,Seller_02248,Kolkata,West Bengal,4.27,2022-07-27
2249,Seller_02249,Hyderabad,Delhi,4.52,2020-10-31
2250,Seller_02250,Mumbai,Manipur,4.66,2022-01-25
2251,Seller_02251,Imphal,Maharashtra,4.39,2020-06-23
2252,Seller_02252,Hyderabad,Maharashtra,3.74,2024-11-20
2253,Seller_02253,Pune,Tamil Nadu,5.0,2024-05-13
2254,Seller_02254,Guwahati,Telangana,4.19,2023-10-07
2255,Seller_02255,Delhi,Tamil Nadu,4.47,2025-01-20
2256,Seller_02256,Mumbai,West Bengal,3.67,2024-12-17
2257,Seller_02257,Mumbai,Maharashtra,3.83,2024-07-28
2258,Seller_02258,Mumbai,Maharashtra,5.0,2021-12-04
2259,Seller_02259,Guwahati,West Bengal,3.44,2021-10-01
2260,Seller_02260,Kolkata,Assam,4.12,2021-08-18
2261,Seller_02261,Bengaluru,Manipur,3.99,2023-03-20
2262,Seller_02262,Hyderabad,West Bengal,3.72,2021-02-09
2263,Seller_02263,Guwahati,Karnataka,5.0,2024-10-16
2264,Seller_02264,Hyderabad,Maharashtra,3.81,2021-01-10
2265,Seller_02265,Chennai,Telangana,4.38,2025-05-06
2266,Seller_02266,Guwahati,Assam,4.77,2023-02-07
2267,Seller_02267,Bengaluru,Maharashtra,4.17,2020-06-01
2268,Seller_02268,Chennai,Maharashtra,4.01,2025-10-28
2269,Seller_02269,Kolkata,Telangana,4.26,2021-11-04
2270,Seller_02270,Chennai,Manipur,4.58,2025-04-10
2271,Seller_02271,Hyderabad,West Bengal,4.23,2021-10-18
2272,Seller_02272,Chennai,Maharashtra,4.17,2022-08-03
2273,Seller_02273,Delhi,Assam,3.7,2022-06-17
2274,Seller_02274,Mumbai,Tamil Nadu,4.14,2023-07-03
2275,Seller_02275,Guwahati,Maharashtra,4.59,2022-11-25
2276,Seller_02276,Pune,Rajasthan,4.71,2022-07-27
2277,Seller_02277,Jaipur,Tamil Nadu,4.07,2024-02-23
2278,Seller_02278,Guwahati,Delhi,3.6,2020-09-05
2279,Seller_02279,Jaipur,Manipur,3.93,2025-08-10
2280,Seller_02280,Hyderabad,Maharashtra,3.54,2024-02-08
2281,Seller_02281,Imphal,Delhi,3.32,2020-10-16
2282,Seller_02282,Mumbai,West Bengal,3.52,2023-02-02
2283,Seller_02283,Hyderabad,Karnataka,3.67,2021-05-02
2284,Seller_02284,Mumbai,Tamil Nadu,4.4,2025-04-27
2285,Seller_02285,Pune,Telangana,3.29,2020-10-08
2286,Seller_02286,Jaipur,Delhi,4.16,2024-06-21
2287,Seller_02287,Hyderabad,Manipur,4.02,2023-06-06
2288,Seller_02288,Bengaluru,Delhi,4.66,2025-04-07
2289,Seller_02289,Chennai,Maharashtra,4.25,2024-08-30
2290,Seller_02290,Chennai,Karnataka,4.06,2023-07-23
2291,Seller_02291,Mumbai,Karnataka,4.12,2025-12-10
2292,Seller_02292,Delhi,Tamil Nadu,3.59,2021-11-16
2293,Seller_02293,Chennai,Delhi,4.86,2023-05-19
2294,Seller_02294,Delhi,Maharashtra,4.12,2024-03-09
2295,Seller_02295,Mumbai,Tamil Nadu,3.01,2022-12-06
2296,Seller_02296,Kolkata,Assam,4.33,2022-05-11
2297,Seller_02297,Bengaluru,Karnataka,3.77,2024-09-22
2298,Seller_02298,Hyderabad,Delhi,4.03,2023-12-05
2299,Seller_02299,Delhi,Manipur,3.87,2023-04-21
2300,Seller_02300,Guwahati,Karnataka,4.45,2025-12-01
2301,Seller_02301,Chennai,Telangana,4.06,2025-02-15
2302,Seller_02302,Imphal,Rajasthan,4.44,2023-12-20
2303,Seller_02303,Imphal,Delhi,4.06,2022-05-11
2304,Seller_02304,Guwahati,Rajasthan,4.29,2024-12-31
2305,Seller_02305,Bengaluru,Assam,3.67,2020-05-19
2306,Seller_02306,Pune,Tamil Nadu,5.0,2024-02-19
2307,Seller_02307,Chennai,Telangana,4.21,2023-03-25
2308,Seller_02308,Kolkata,Telangana,4.56,2021-08-02
2309,Seller_02309,Bengaluru,Rajasthan,4.33,2023-08-09
2310,Seller_02310,Mumbai,Karnataka,4.51,2022-03-29
2311,Seller_02311,Guwahati,Maharashtra,3.45,2022-03-21
2312,Seller_02312,Pune,Telangana,4.04,2025-10-31
2313,Seller_02313,Guwahati,Karnataka,4.9,2021-01-10
2314,Seller_02314,Guwahati,Assam,4.97,2022-03-16
2315,Seller_02315,Imphal,Delhi,5.0,2022-12-07
2316,Seller_02316,Delhi,Telangana,3.74,2025-07-23
2317,Seller_02317,Chennai,Tamil Nadu,4.21,2021-08-23
2318,Seller_02318,Kolkata,Telangana,4.79,2025-11-24
2319,Seller_02319,Imphal,West Bengal,3.21,2024-11-17
2320,Seller_02320,Kolkata,Karnataka,4.0,2021-07-30
2321,Seller_02321,Hyderabad,Rajasthan,4.2,2020-05-03
2322,Seller_02322,Pune,West Bengal,3.91,2020-06-16
2323,Seller_02323,Hyderabad,Manipur,4.08,2022-09-29
2324,Seller_02324,Bengaluru,Manipur,4.26,2021-05-07
2325,Seller_02325,Pune,West Bengal,3.31,2020-08-18
2326,Seller_02326,Mumbai,Rajasthan,4.2,2024-11-22
2327,Seller_02327,Jaipur,Maharashtra,4.76,2020-05-21
2328,Seller_02328,Imphal,Manipur,3.74,2024-10-19
2329,Seller_02329,Bengaluru,Rajasthan,3.22,2021-10-30
2330,Seller_02330,Mumbai,Maharashtra,3.15,2022-03-02
2331,Seller_02331,Chennai,Karnataka,4.06,2025-12-03
2332,Seller_02332,Hyderabad,Karnataka,4.2,2022-08-20
2333,Seller_02333,Jaipur,Tamil Nadu,2.64,2022-11-28
2334,Seller_02334,Hyderabad,Manipur,4.01,2022-01-31
2335,Seller_02335,Chennai,Delhi,4.32,2020-04-19
2336,Seller_02336,Chennai,Delhi,3.73,2025-02-10
2337,Seller_02337,Kolkata,Maharashtra,4.54,2025-07-25
2338,Seller_02338,Imphal,Delhi,4.3,2021-04-16
2339,Seller_02339,Pune,Karnataka,4.14,2023-03-03
2340,Seller_02340,Hyderabad,Manipur,4.44,2025-06-26
2341,Seller_02341,Pune,Maharashtra,3.27,2024-04-24
2342,Seller_02342,Mumbai,Assam,3.93,2024-03-08
2343,Seller_02343,Jaipur,Tamil Nadu,3.78,2022-10-08
2344,Seller_02344,Bengaluru,West Bengal,3.92,2021-12-16
2345,Seller_02345,Hyderabad,Tamil Nadu,4.68,2021-06-26
2346,Seller_02346,Pune,Maharashtra,4.17,2020-12-26
2347,Seller_02347,Kolkata,Maharashtra,4.19,2025-09-19
2348,Seller_02348,Mumbai,Rajasthan,4.12,2022-11-09
2349,Seller_02349,Bengaluru,Manipur,3.36,2025-05-05
2350,Seller_02350,Bengaluru,Assam,3.3,2021-06-16
2351,Seller_02351,Delhi,Karnataka,4.28,2022-08-03
2352,Seller_02352,Jaipur,Delhi,3.27,2021-05-23
2353,Seller_02353,Kolkata,Tamil Nadu,4.28,2023-07-06
2354,Seller_02354,Mumbai,Tamil Nadu,4.25,2020-11-16
2355,Seller_02355,Delhi,Maharashtra,4.1,2022-06-30
2356,Seller_02356,Bengaluru,West Bengal,4.17,2021-12-19
2357,Seller_02357,Pune,Maharashtra,4.16,2025-04-23
2358,Seller_02358,Pune,Assam,3.77,2021-12-05
2359,Seller_02359,Guwahati,Assam,4.25,2023-03-23
2360,Seller_02360,Chennai,Assam,4.38,2020-06-25
2361,Seller_02361,Bengaluru,Karnataka,4.41,2025-04-30
2362,Seller_02362,Delhi,Telangana,4.05,2025-06-14
2363,Seller_02363,Chennai,West Bengal,4.57,2022-02-07
2364,Seller_02364,Hyderabad,Delhi,3.55,2021-10-24
2365,Seller_02365,Delhi,Manipur,3.29,2024-12-15
2366,Seller_02366,Delhi,Manipur,4.42,2024-10-03
2367,Seller_02367,Pune,Tamil Nadu,4.62,2024-04-30
2368,Seller_02368,Mumbai,Rajasthan,4.24,2025-01-25
2369,Seller_02369,Delhi,Rajasthan,3.97,2021-04-08
2370,Seller_02370,Jaipur,Rajasthan,2.65,2020-04-21
2371,Seller_02371,Jaipur,Tamil Nadu,4.05,2021-11-15
2372,Seller_02372,Jaipur,Karnataka,4.26,2021-05-04
2373,Seller_02373,Imphal,Delhi,4.24,2024-03-11
2374,Seller_02374,Bengaluru,Maharashtra,3.41,2023-12-08
2375,Seller_02375,Mumbai,Tamil Nadu,3.48,2020-12-27
2376,Seller_02376,Pune,Telangana,4.16,2021-11-24
2377,Seller_02377,Pune,Maharashtra,4.2,2025-10-03
2378,Seller_02378,Mumbai,Maharashtra,4.09,2025-08-04
2379,Seller_02379,Mumbai,West Bengal,4.01,2025-04-11
2380,Seller_02380,Hyderabad,Karnataka,3.87,2020-08-24
2381,Seller_02381,Hyderabad,Delhi,4.73,2023-09-17
2382,Seller_02382,Jaipur,Maharashtra,4.37,2022-12-09
2383,Seller_02383,Kolkata,Karnataka,3.59,2020-09-08
2384,Seller_02384,Hyderabad,Karnataka,4.14,2023-06-10
2385,Seller_02385,Chennai,Telangana,3.61,2023-05-19
2386,Seller_02386,Chennai,Assam,4.5,2020-11-03
2387,Seller_02387,Mumbai,Delhi,4.13,2023-07-04
2388,Seller_02388,Jaipur,Delhi,3.92,2020-11-17
2389,Seller_02389,Imphal,Tamil Nadu,3.73,2024-03-15
2390,Seller_02390,Bengaluru,Manipur,3.8,2024-12-11
2391,Seller_02391,Imphal,Delhi,4.87,2025-01-18
2392,Seller_02392,Pune,Rajasthan,3.81,2020-06-27
2393,Seller_02393,Guwahati,Telangana,4.39,2021-11-09
2394,Seller_02394,Bengaluru,Assam,4.36,2020-03-16
2395,Seller_02395,Bengaluru,Manipur,4.41,2023-11-13
2396,Seller_02396,Mumbai,Manipur,3.6,2022-08-08
2397,Seller_02397,Imphal,Assam,3.85,2021-01-08
2398,Seller_02398,Mumbai,Telangana,4.59,2023-10-31
2399,Seller_02399,Hyderabad,West Bengal,4.64,2024-09-20
2400,Seller_02400,Mumbai,West Bengal,3.91,2025-04-25
2401,Seller_02401,Kolkata,Telangana,4.28,2020-06-29
2402,Seller_02402,Mumbai,Telangana,4.01,2025-04-30
2403,Seller_02403,Chennai,Karnataka,4.33,2023-03-23
2404,Seller_02404,Guwahati,Delhi,4.66,2023-08-30
2405,Seller_02405,Bengaluru,Assam,3.68,2021-03-27
2406,Seller_02406,Mumbai,Tamil Nadu,4.04,2023-12-27
2407,Seller_02407,Hyderabad,Rajasthan,3.92,2025-11-18
2408,Seller_02408,Chennai,Rajasthan,4.36,2021-02-03
2409,Seller_02409,Mumbai,Tamil Nadu,4.06,2022-05-04
2410,Seller_02410,Chennai,Manipur,3.72,2020-12-17
2411,Seller_02411,Guwahati,West Bengal,4.91,2023-06-28
2412,Seller_02412,Pune,Maharashtra,4.76,2022-04-15
2413,Seller_02413,Delhi,Delhi,4.55,2025-03-15
2414,Seller_02414,Imphal,Tamil Nadu,4.79,2020-10-09
2415,Seller_02415,Pune,Maharashtra,4.34,2024-12-07
2416,Seller_02416,Hyderabad,Maharashtra,3.58,2021-02-16
2417,Seller_02417,Guwahati,Manipur,3.97,2024-02-19
2418,Seller_02418,Bengaluru,West Bengal,4.37,2025-07-08
2419,Seller_02419,Mumbai,Rajasthan,3.85,2022-10-10
2420,Seller_02420,Bengaluru,Assam,3.6,2024-07-05
2421,Seller_02421,Guwahati,Telangana,4.27,2025-11-24
2422,Seller_02422,Chennai,Telangana,3.98,2020-04-12
2423,Seller_02423,Kolkata,Rajasthan,3.34,2025-03-06
2424,Seller_02424,Bengaluru,West Bengal,3.49,2023-01-07
2425,Seller_02425,Mumbai,Maharashtra,4.27,2024-11-09
2426,Seller_02426,Kolkata,West Bengal,4.39,2021-11-07
2427,Seller_02427,Guwahati,West Bengal,3.64,2020-07-13
2428,Seller_02428,Bengaluru,Rajasthan,3.84,2023-06-28
2429,Seller_02429,Guwahati,West Bengal,4.5,2021-02-27
2430,Seller_02430,Mumbai,West Bengal,4.6,2023-02-21
2431,Seller_02431,Chennai,Delhi,3.98,2021-04-04
2432,Seller_02432,Hyderabad,Manipur,3.76,2021-05-13
2433,Seller_02433,Mumbai,Assam,3.62,2022-04-29
2434,Seller_02434,Delhi,Karnataka,3.88,2021-01-03
2435,Seller_02435,Imphal,Delhi,4.09,2021-07-13
2436,Seller_02436,Jaipur,West Bengal,4.55,2025-03-14
2437,Seller_02437,Jaipur,Karnataka,3.0,2020-08-13
2438,Seller_02438,Mumbai,Maharashtra,4.44,2024-05-20
2439,Seller_02439,Pune,Maharashtra,4.25,2021-06-13
2440,Seller_02440,Kolkata,Telangana,4.47,2023-08-15
2441,Seller_02441,Mumbai,Tamil Nadu,4.05,2022-01-05
2442,Seller_02442,Chennai,Telangana,4.7,2021-11-17
2443,Seller_02443,Mumbai,Karnataka,3.14,2024-04-24
2444,Seller_02444,Pune,Manipur,4.78,2024-10-28
2445,Seller_02445,Kolkata,West Bengal,3.91,2023-12-09
2446,Seller_02446,Guwahati,Telangana,3.95,2024-12-27
2447,Seller_02447,Guwahati,Manipur,4.43,2023-12-28
2448,Seller_02448,Hyderabad,Rajasthan,4.51,2024-10-28
2449,Seller_02449,Hyderabad,Maharashtra,4.02,2021-08-30
2450,Seller_02450,Mumbai,Tamil Nadu,4.66,2024-07-11
2451,Seller_02451,Mumbai,Karnataka,3.57,2021-06-27
2452,Seller_02452,Chennai,Manipur,4.24,2022-12-24
2453,Seller_02453,Guwahati,Assam,3.48,2022-10-26
2454,Seller_02454,Imphal,Maharashtra,3.44,2021-12-09
2455,Seller_02455,Kolkata,West Bengal,3.75,2023-10-26
2456,Seller_02456,Delhi,Karnataka,3.4,2022-08-27
2457,Seller_02457,Chennai,Karnataka,4.4,2021-03-25
2458,Seller_02458,Hyderabad,Rajasthan,4.25,2025-10-20
2459,Seller_02459,Mumbai,Karnataka,3.8,2023-03-07
2460,Seller_02460,Pune,Delhi,4.02,2024-01-27
2461,Seller_02461,Imphal,Tamil Nadu,4.95,2025-07-06
2462,Seller_02462,Imphal,Manipur,4.11,2025-03-10
2463,Seller_02463,Pune,Maharashtra,3.4,2024-03-21
2464,Seller_02464,Delhi,Delhi,5.0,2020-01-23
2465,Seller_02465,Mumbai,Manipur,5.0,2022-07-22
2466,Seller_02466,Pune,Rajasthan,4.7,2023-05-13
2467,Seller_02467,Imphal,Karnataka,4.71,2020-12-05
2468,Seller_02468,Kolkata,Karnataka,4.0,2024-11-22
2469,Seller_02469,Imphal,Assam,3.17,2024-06-27
2470,Seller_02470,Chennai,West Bengal,4.04,2020-06-09
2471,Seller_02471,Chennai,Assam,3.77,2024-01-31
2472,Seller_02472,Bengaluru,West Bengal,5.0,2020-10-24
2473,Seller_02473,Chennai,Rajasthan,4.06,2021-09-03
2474,Seller_02474,Mumbai,Tamil Nadu,4.84,2020-09-19
2475,Seller_02475,Guwahati,Maharashtra,5.0,2020-11-03
2476,Seller_02476,Jaipur,Delhi,3.86,2024-07-11
2477,Seller_02477,Chennai,Telangana,4.11,2023-09-02
2478,Seller_02478,Chennai,Karnataka,3.24,2025-06-22
2479,Seller_02479,Hyderabad,Maharashtra,4.08,2020-08-25
2480,Seller_02480,Hyderabad,Tamil Nadu,3.58,2022-04-08
2481,Seller_02481,Kolkata,Karnataka,4.4,2020-07-08
2482,Seller_02482,Delhi,Maharashtra,5.0,2024-03-15
2483,Seller_02483,Guwahati,Tamil Nadu,4.06,2022-04-30
2484,Seller_02484,Pune,West Bengal,3.98,2024-07-31
2485,Seller_02485,Delhi,Tamil Nadu,3.81,2022-11-13
2486,Seller_02486,Jaipur,Manipur,3.96,2023-01-30
2487,Seller_02487,Guwahati,Rajasthan,3.91,2023-07-13
2488,Seller_02488,Chennai,Maharashtra,3.36,2021-10-02
2489,Seller_02489,Bengaluru,West Bengal,3.54,2025-02-12
2490,Seller_02490,Jaipur,Manipur,3.6,2021-05-27
2491,Seller_02491,Hyderabad,Assam,4.38,2022-07-11
2492,Seller_02492,Pune,Karnataka,3.81,2020-08-20
2493,Seller_02493,Pune,Assam,4.77,2024-07-18
2494,Seller_02494,Pune,Delhi,4.02,2023-04-27
2495,Seller_02495,Chennai,Assam,5.0,2020-05-17
2496,Seller_02496,Delhi,Assam,4.22,2025-06-28
2497,Seller_02497,Chennai,West Bengal,3.47,2020-05-15
2498,Seller_02498,Bengaluru,Rajasthan,4.55,2023-10-06
2499,Seller_02499,Hyderabad,Karnataka,3.51,2022-06-26
2500,Seller_02500,Pune,Manipur,4.94,2025-08-12
2501,Seller_02501,Bengaluru,Karnataka,4.58,2020-05-22
2502,Seller_02502,Bengaluru,Maharashtra,4.56,2020-02-17
2503,Seller_02503,Pune,Tamil Nadu,3.42,2021-09-27
2504,Seller_02504,Guwahati,Manipur,4.08,2023-07-07
2505,Seller_02505,Hyderabad,Delhi,4.18,2025-06-02
2506,Seller_02506,Bengaluru,West Bengal,3.85,2025-07-07
2507,Seller_02507,Imphal,Delhi,3.61,2022-11-24
2508,Seller_02508,Delhi,Maharashtra,4.1,2023-12-11
2509,Seller_02509,Delhi,West Bengal,4.12,2023-04-04
2510,Seller_02510,Jaipur,Telangana,4.36,2021-01-31
2511,Seller_02511,Kolkata,Telangana,4.21,2021-03-20
2512,Seller_02512,Jaipur,Assam,4.01,2021-10-21
2513,Seller_02513,Imphal,Tamil Nadu,4.43,2023-11-17
2514,Seller_02514,Jaipur,Karnataka,4.67,2020-10-08
2515,Seller_02515,Imphal,Telangana,3.23,2023-02-13
2516,Seller_02516,Kolkata,Delhi,3.97,2021-09-08
2517,Seller_02517,Jaipur,Maharashtra,4.69,2025-12-20
2518,Seller_02518,Kolkata,Karnataka,5.0,2025-12-03
2519,Seller_02519,Hyderabad,Telangana,4.39,2023-06-02
2520,Seller_02520,Imphal,Manipur,4.13,2024-04-30
2521,Seller_02521,Jaipur,Tamil Nadu,4.6,2021-08-16
2522,Seller_02522,Imphal,Karnataka,4.52,2022-07-19
2523,Seller_02523,Imphal,Assam,3.05,2023-11-16
2524,Seller_02524,Chennai,Tamil Nadu,3.8,2021-05-11
2525,Seller_02525,Chennai,West Bengal,3.97,2021-09-11
2526,Seller_02526,Delhi,Manipur,3.45,2023-01-06
2527,Seller_02527,Guwahati,Assam,3.58,2020-11-26
2528,Seller_02528,Jaipur,Assam,4.7,2020-10-11
2529,Seller_02529,Chennai,Rajasthan,3.94,2021-03-24
2530,Seller_02530,Hyderabad,Rajasthan,4.04,2020-11-03
2531,Seller_02531,Kolkata,Assam,4.15,2020-06-17
2532,Seller_02532,Jaipur,Maharashtra,3.97,2023-06-20
2533,Seller_02533,Hyderabad,Tamil Nadu,4.07,2023-11-15
2534,Seller_02534,Guwahati,West Bengal,4.04,2025-02-06
2535,Seller_02535,Kolkata,Assam,4.49,2020-06-14
2536,Seller_02536,Imphal,Manipur,5.0,2025-01-04
2537,Seller_02537,Chennai,Maharashtra,3.56,2022-03-05
2538,Seller_02538,Bengaluru,Delhi,3.71,2020-04-07
2539,Seller_02539,Imphal,Assam,4.94,2022-07-27
2540,Seller_02540,Jaipur,West Bengal,3.94,2022-10-19
2541,Seller_02541,Kolkata,Karnataka,5.0,2024-12-14
2542,Seller_02542,Bengaluru,Telangana,3.73,2024-06-06
2543,Seller_02543,Hyderabad,Tamil Nadu,5.0,2021-07-01
2544,Seller_02544,Guwahati,Maharashtra,4.81,2024-01-30
2545,Seller_02545,Kolkata,Karnataka,4.19,2022-02-14
2546,Seller_02546,Delhi,Manipur,4.35,2023-02-01
2547,Seller_02547,Chennai,Manipur,3.8,2023-01-22
2548,Seller_02548,Kolkata,Delhi,3.61,2021-12-09
2549,Seller_02549,Delhi,Manipur,4.09,2024-07-18
2550,Seller_02550,Mumbai,Assam,4.86,2024-12-21
2551,Seller_02551,Hyderabad,Tamil Nadu,3.83,2024-05-21
2552,Seller_02552,Mumbai,Assam,3.54,2021-11-05
2553,Seller_02553,Chennai,Delhi,4.46,2022-08-25
2554,Seller_02554,Bengaluru,Maharashtra,3.85,2024-02-13
2555,Seller_02555,Chennai,Rajasthan,4.52,2024-06-11
2556,Seller_02556,Imphal,Maharashtra,3.75,2023-04-25
2557,Seller_02557,Guwahati,Rajasthan,4.92,2022-08-28
2558,Seller_02558,Bengaluru,West Bengal,4.34,2024-11-06
2559,Seller_02559,Imphal,Telangana,4.07,2024-01-03
2560,Seller_02560,Pune,Assam,3.96,2020-10-06
2561,Seller_02561,Jaipur,Delhi,3.58,2020-03-28
2562,Seller_02562,Chennai,West Bengal,4.3,2022-07-23
2563,Seller_02563,Chennai,Karnataka,4.32,2020-04-07
2564,Seller_02564,Pune,Assam,3.87,2025-11-17
2565,Seller_02565,Imphal,Telangana,4.09,2025-12-30
2566,Seller_02566,Jaipur,Karnataka,3.89,2022-09-05
2567,Seller_02567,Imphal,Tamil Nadu,3.61,2022-12-01
2568,Seller_02568,Kolkata,West Bengal,3.76,2020-09-10
2569,Seller_02569,Hyderabad,Assam,5.0,2021-03-27
2570,Seller_02570,Kolkata,Tamil Nadu,4.42,2020-11-01
2571,Seller_02571,Imphal,Telangana,2.7,2024-11-17
2572,Seller_02572,Bengaluru,Delhi,3.46,2024-09-30
2573,Seller_02573,Pune,Rajasthan,3.15,2024-11-28
2574,Seller_02574,Hyderabad,West Bengal,4.09,2024-11-12
2575,Seller_02575,Guwahati,West Bengal,3.94,2020-12-20
2576,Seller_02576,Guwahati,Tamil Nadu,3.99,2023-10-19
2577,Seller_02577,Guwahati,Assam,4.39,2020-04-23
2578,Seller_02578,Bengaluru,Tamil Nadu,4.98,2022-08-29
2579,Seller_02579,Pune,Telangana,4.43,2025-08-27
2580,Seller_02580,Hyderabad,Rajasthan,3.64,2025-01-01
2581,Seller_02581,Guwahati,Karnataka,3.46,2021-09-15
2582,Seller_02582,Pune,West Bengal,4.52,2025-05-22
2583,Seller_02583,Guwahati,Maharashtra,3.6,2021-10-12
2584,Seller_02584,Mumbai,Rajasthan,4.5,2022-09-23
2585,Seller_02585,Hyderabad,Rajasthan,3.64,2023-08-04
2586,Seller_02586,Chennai,Rajasthan,4.12,2020-10-19
2587,Seller_02587,Guwahati,Karnataka,3.58,2020-07-20
2588,Seller_02588,Mumbai,Karnataka,5.0,2025-09-10
2589,Seller_02589,Guwahati,Assam,4.35,2023-06-03
2590,Seller_02590,Guwahati,Manipur,3.31,2022-04-13
2591,Seller_02591,Imphal,West Bengal,4.24,2022-06-29
2592,Seller_02592,Guwahati,Manipur,3.35,2021-07-21
2593,Seller_02593,Imphal,West Bengal,4.31,2024-04-25
2594,Seller_02594,Bengaluru,Tamil Nadu,4.15,2022-09-14
2595,Seller_02595,Pune,West Bengal,4.43,2024-01-22
2596,Seller_02596,Guwahati,Manipur,4.64,2021-04-23
2597,Seller_02597,Delhi,West Bengal,4.7,2025-05-22
2598,Seller_02598,Kolkata,West Bengal,4.72,2020-10-23
2599,Seller_02599,Chennai,Manipur,4.77,2025-07-13
2600,Seller_02600,Guwahati,Rajasthan,3.95,2020-11-19
2601,Seller_02601,Imphal,West Bengal,3.99,2023-11-09
2602,Seller_02602,Jaipur,Delhi,3.58,2022-03-26
2603,Seller_02603,Hyderabad,Rajasthan,5.0,2020-07-02
2604,Seller_02604,Bengaluru,Rajasthan,4.11,2021-07-17
2605,Seller_02605,Guwahati,Tamil Nadu,3.9,2023-08-03
2606,Seller_02606,Imphal,Maharashtra,3.68,2020-07-13
2607,Seller_02607,Bengaluru,West Bengal,3.51,2023-11-30
2608,Seller_02608,Chennai,Manipur,4.1,2025-08-16
2609,Seller_02609,Pune,Delhi,4.2,2022-10-17
2610,Seller_02610,Hyderabad,Tamil Nadu,3.51,2022-10-02
2611,Seller_02611,Bengaluru,Maharashtra,3.6,2024-06-18
2612,Seller_02612,Guwahati,Tamil Nadu,4.34,2023-02-19
2613,Seller_02613,Pune,Telangana,4.85,2022-04-17
2614,Seller_02614,Pune,Karnataka,3.94,2020-09-25
2615,Seller_02615,Chennai,Maharashtra,3.94,2021-06-16
2616,Seller_02616,Jaipur,West Bengal,3.77,2024-01-28
2617,Seller_02617,Chennai,Rajasthan,3.81,2025-12-23
2618,Seller_02618,Pune,Assam,3.8,2021-03-25
2619,Seller_02619,Kolkata,Maharashtra,4.08,2024-04-25
2620,Seller_02620,Imphal,Tamil Nadu,4.38,2022-10-27
2621,Seller_02621,Guwahati,Rajasthan,4.09,2022-04-26
2622,Seller_02622,Guwahati,Delhi,4.11,2022-10-19
2623,Seller_02623,Kolkata,Tamil Nadu,3.79,2023-10-27
2624,Seller_02624,Guwahati,Manipur,4.53,2023-03-18
2625,Seller_02625,Bengaluru,Tamil Nadu,3.62,2025-12-03
2626,Seller_02626,Chennai,Delhi,4.59,2025-08-20
2627,Seller_02627,Imphal,West Bengal,4.0,2020-09-19
2628,Seller_02628,Bengaluru,Rajasthan,4.02,2022-02-12
2629,Seller_02629,Guwahati,Tamil Nadu,4.35,2020-09-25
2630,Seller_02630,Guwahati,Delhi,3.25,2022-09-15
2631,Seller_02631,Pune,Delhi,4.51,2025-03-16
2632,Seller_02632,Hyderabad,Telangana,3.56,2024-09-04
2633,Seller_02633,Imphal,Rajasthan,3.88,2024-09-30
2634,Seller_02634,Kolkata,Telangana,4.06,2025-12-19
2635,Seller_02635,Pune,Tamil Nadu,4.22,2024-11-17
2636,Seller_02636,Imphal,Tamil Nadu,4.75,2023-07-29
2637,Seller_02637,Delhi,West Bengal,4.09,2020-04-23
2638,Seller_02638,Kolkata,Manipur,4.1,2025-04-28
2639,Seller_02639,Kolkata,Tamil Nadu,4.62,2021-11-12
2640,Seller_02640,Mumbai,West Bengal,4.49,2022-07-10
2641,Seller_02641,Bengaluru,Manipur,4.25,2022-12-04
2642,Seller_02642,Pune,Karnataka,4.32,2020-12-13
2643,Seller_02643,Jaipur,Tamil Nadu,3.56,2021-05-03
2644,Seller_02644,Imphal,Assam,5.0,2021-09-30
2645,Seller_02645,Delhi,Manipur,4.18,2021-04-23
2646,Seller_02646,Kolkata,Maharashtra,3.88,2024-11-03
2647,Seller_02647,Hyderabad,Telangana,5.0,2025-02-07
2648,Seller_02648,Chennai,Telangana,4.37,2022-04-15
2649,Seller_02649,Bengaluru,West Bengal,4.7,2021-06-01
2650,Seller_02650,Delhi,Delhi,3.7,2025-08-28
2651,Seller_02651,Jaipur,Assam,3.97,2021-05-12
2652,Seller_02652,Kolkata,Maharashtra,3.06,2023-09-22
2653,Seller_02653,Chennai,Assam,4.23,2025-07-16
2654,Seller_02654,Pune,Delhi,4.71,2022-04-26
2655,Seller_02655,Bengaluru,Manipur,4.16,2024-03-09
2656,Seller_02656,Kolkata,Maharashtra,4.73,2023-06-01
2657,Seller_02657,Mumbai,Tamil Nadu,4.5,2021-09-27
2658,Seller_02658,Pune,Telangana,4.74,2023-08-03
2659,Seller_02659,Pune,Telangana,3.84,2021-01-18
2660,Seller_02660,Hyderabad,Manipur,4.6,2021-07-15
2661,Seller_02661,Mumbai,Karnataka,4.37,2021-05-17
2662,Seller_02662,Kolkata,Assam,3.78,2020-05-02
2663,Seller_02663,Jaipur,Karnataka,5.0,2023-07-02
2664,Seller_02664,Kolkata,Maharashtra,3.94,2023-07-20
2665,Seller_02665,Guwahati,West Bengal,3.68,2023-02-02
2666,Seller_02666,Imphal,West Bengal,4.29,2025-12-05
2667,Seller_02667,Bengaluru,Delhi,4.27,2024-10-25
2668,Seller_02668,Bengaluru,Delhi,3.13,2023-06-02
2669,Seller_02669,Kolkata,Tamil Nadu,4.32,2024-09-01
2670,Seller_02670,Mumbai,Tamil Nadu,4.21,2022-11-15
2671,Seller_02671,Kolkata,Karnataka,3.65,2024-08-16
2672,Seller_02672,Delhi,Rajasthan,4.52,2021-10-05
2673,Seller_02673,Guwahati,Tamil Nadu,3.92,2022-12-09
2674,Seller_02674,Jaipur,Maharashtra,4.12,2021-01-06
2675,Seller_02675,Imphal,Assam,4.59,2024-06-29
2676,Seller_02676,Mumbai,Telangana,4.21,2021-02-09
2677,Seller_02677,Imphal,Karnataka,4.12,2022-12-30
2678,Seller_02678,Pune,Tamil Nadu,3.51,2021-03-22
2679,Seller_02679,Mumbai,Karnataka,5.0,2021-10-17
2680,Seller_02680,Delhi,Rajasthan,4.94,2025-11-24
2681,Seller_02681,Kolkata,Rajasthan,4.59,2025-07-09
2682,Seller_02682,Imphal,Delhi,4.22,2021-11-11
2683,Seller_02683,Pune,West Bengal,3.69,2025-07-10
2684,Seller_02684,Kolkata,Telangana,4.19,2023-09-01
2685,Seller_02685,Chennai,Assam,4.25,2021-09-06
2686,Seller_02686,Delhi,Rajasthan,4.89,2025-08-15
2687,Seller_02687,Hyderabad,Manipur,3.99,2022-05-20
2688,Seller_02688,Mumbai,Assam,3.92,2021-08-05
2689,Seller_02689,Mumbai,West Bengal,3.74,2025-05-19
2690,Seller_02690,Kolkata,Delhi,2.79,2023-10-20
2691,Seller_02691,Guwahati,Rajasthan,3.81,2023-09-18
2692,Seller_02692,Delhi,Tamil Nadu,5.0,2023-04-27
2693,Seller_02693,Imphal,Manipur,4.83,2025-09-24
2694,Seller_02694,Kolkata,Telangana,3.85,2023-10-22
2695,Seller_02695,Jaipur,Maharashtra,3.27,2023-12-27
2696,Seller_02696,Guwahati,Telangana,3.75,2025-12-13
2697,Seller_02697,Chennai,Manipur,4.23,2021-03-15
2698,Seller_02698,Guwahati,West Bengal,4.37,2025-09-06
2699,Seller_02699,Bengaluru,Manipur,3.59,2020-03-26
2700,Seller_02700,Imphal,Maharashtra,3.23,2023-11-01
2701,Seller_02701,Jaipur,Tamil Nadu,4.46,2021-10-15
2702,Seller_02702,Pune,Telangana,4.45,2021-07-14
2703,Seller_02703,Kolkata,Maharashtra,4.37,2023-03-14
2704,Seller_02704,Chennai,Tamil Nadu,4.3,2023-11-26
2705,Seller_02705,Bengaluru,Telangana,4.54,2025-01-01
2706,Seller_02706,Delhi,Telangana,4.82,2022-03-07
2707,Seller_02707,Hyderabad,Manipur,3.47,2024-07-20
2708,Seller_02708,Jaipur,Telangana,3.4,2022-12-01
2709,Seller_02709,Jaipur,Assam,4.02,2024-06-28
2710,Seller_02710,Kolkata,Tamil Nadu,4.4,2024-02-25
2711,Seller_02711,Jaipur,Delhi,3.68,2025-11-12
2712,Seller_02712,Chennai,Maharashtra,3.99,2025-07-26
2713,Seller_02713,Chennai,Maharashtra,3.61,2025-03-06
2714,Seller_02714,Guwahati,Tamil Nadu,4.15,2020-10-05
2715,Seller_02715,Pune,West Bengal,4.19,2021-06-17
2716,Seller_02716,Bengaluru,West Bengal,5.0,2024-03-26
2717,Seller_02717,Chennai,Tamil Nadu,4.15,2022-01-15
2718,Seller_02718,Pune,Delhi,3.67,2023-08-27
2719,Seller_02719,Hyderabad,Rajasthan,4.21,2021-11-09
2720,Seller_02720,Bengaluru,Assam,3.3,2020-08-15
2721,Seller_02721,Guwahati,West Bengal,3.99,2022-02-12
2722,Seller_02722,Mumbai,Manipur,4.39,2025-02-07
2723,Seller_02723,Chennai,Karnataka,4.32,2021-02-19
2724,Seller_02724,Bengaluru,Karnataka,3.83,2020-10-27
2725,Seller_02725,Mumbai,Tamil Nadu,3.68,2025-02-27
2726,Seller_02726,Delhi,Maharashtra,5.0,2024-02-04
2727,Seller_02727,Hyderabad,Rajasthan,3.32,2023-11-26
2728,Seller_02728,Jaipur,Tamil Nadu,4.4,2025-01-29
2729,Seller_02729,Delhi,Karnataka,3.57,2021-12-23
2730,Seller_02730,Imphal,Delhi,4.48,2021-06-02
2731,Seller_02731,Pune,Delhi,5.0,2021-03-19
2732,Seller_02732,Mumbai,Maharashtra,4.91,2025-09-16
2733,Seller_02733,Hyderabad,Assam,3.24,2024-08-07
2734,Seller_02734,Kolkata,West Bengal,4.12,2025-04-17
2735,Seller_02735,Chennai,Rajasthan,3.96,2021-07-24
2736,Seller_02736,Jaipur,Maharashtra,4.2,2023-12-25
2737,Seller_02737,Jaipur,Manipur,4.72,2024-06-26
2738,Seller_02738,Bengaluru,Rajasthan,4.43,2021-08-28
2739,Seller_02739,Pune,West Bengal,5.0,2020-03-29
2740,Seller_02740,Bengaluru,Delhi,4.26,2022-01-23
2741,Seller_02741,Mumbai,Manipur,3.65,2025-12-18
2742,Seller_02742,Hyderabad,Manipur,4.27,2022-07-19
2743,Seller_02743,Chennai,West Bengal,4.09,2020-11-08
2744,Seller_02744,Pune,Delhi,4.1,2025-12-12
2745,Seller_02745,Hyderabad,West Bengal,3.57,2025-12-17
2746,Seller_02746,Kolkata,Karnataka,3.95,2021-09-08
2747,Seller_02747,Hyderabad,Karnataka,5.0,2025-12-10
2748,Seller_02748,Hyderabad,Assam,4.05,2023-02-23
2749,Seller_02749,Kolkata,Manipur,4.05,2020-08-14
2750,Seller_02750,Pune,Rajasthan,4.36,2023-06-22
2751,Seller_02751,Mumbai,Assam,5.0,2023-04-09
2752,Seller_02752,Guwahati,Telangana,4.12,2021-05-31
2753,Seller_02753,Jaipur,Manipur,4.41,2022-07-03
2754,Seller_02754,Pune,Tamil Nadu,3.61,2021-02-28
2755,Seller_02755,Delhi,Tamil Nadu,4.62,2020-12-27
2756,Seller_02756,Chennai,Rajasthan,3.7,2024-04-15
2757,Seller_02757,Jaipur,Maharashtra,4.11,2024-08-17
2758,Seller_02758,Imphal,Maharashtra,4.36,2022-07-13
2759,Seller_02759,Imphal,Delhi,3.46,2025-03-03
2760,Seller_02760,Bengaluru,Telangana,3.82,2025-08-21
2761,Seller_02761,Guwahati,Maharashtra,3.5,2024-10-20
2762,Seller_02762,Pune,Delhi,4.04,2022-06-24
2763,Seller_02763,Kolkata,Karnataka,4.06,2021-07-03
2764,Seller_02764,Hyderabad,Assam,3.95,2024-07-17
2765,Seller_02765,Jaipur,Delhi,3.56,2022-07-18
2766,Seller_02766,Pune,Maharashtra,4.61,2023-10-17
2767,Seller_02767,Imphal,Maharashtra,3.83,2022-03-09
2768,Seller_02768,Jaipur,West Bengal,3.67,2023-06-02
2769,Seller_02769,Bengaluru,Assam,4.06,2025-06-14
2770,Seller_02770,Bengaluru,West Bengal,4.24,2020-04-16
2771,Seller_02771,Imphal,Tamil Nadu,5.0,2025-01-31
2772,Seller_02772,Pune,Delhi,3.44,2020-06-12
2773,Seller_02773,Bengaluru,Maharashtra,4.74,2024-08-12
2774,Seller_02774,Delhi,Karnataka,4.16,2023-01-19
2775,Seller_02775,Jaipur,Rajasthan,3.82,2025-01-03
2776,Seller_02776,Imphal,Karnataka,4.74,2022-01-31
2777,Seller_02777,Jaipur,Telangana,5.0,2023-01-20
2778,Seller_02778,Delhi,Tamil Nadu,3.68,2020-08-27
2779,Seller_02779,Kolkata,Telangana,3.76,2020-03-08
2780,Seller_02780,Jaipur,Telangana,4.17,2023-01-20
2781,Seller_02781,Guwahati,Manipur,4.43,2023-04-18
2782,Seller_02782,Imphal,Telangana,4.41,2022-06-23
2783,Seller_02783,Mumbai,Tamil Nadu,3.74,2022-02-06
2784,Seller_02784,Hyderabad,Rajasthan,3.95,2022-03-04
2785,Seller_02785,Mumbai,Rajasthan,4.57,2023-05-08
2786,Seller_02786,Imphal,Assam,3.92,2022-09-17
2787,Seller_02787,Chennai,West Bengal,4.09,2022-08-13
2788,Seller_02788,Hyderabad,Rajasthan,4.47,2020-03-15
2789,Seller_02789,Hyderabad,Telangana,4.66,2024-11-30
2790,Seller_02790,Chennai,Rajasthan,4.7,2023-03-09
2791,Seller_02791,Imphal,Rajasthan,3.82,2023-12-12
2792,Seller_02792,Bengaluru,Maharashtra,3.79,2021-02-21
2793,Seller_02793,Mumbai,Tamil Nadu,4.98,2025-08-20
2794,Seller_02794,Pune,Tamil Nadu,4.61,2021-12-06
2795,Seller_02795,Mumbai,Rajasthan,4.31,2025-05-18
2796,Seller_02796,Kolkata,Maharashtra,3.3,2025-08-24
2797,Seller_02797,Pune,Tamil Nadu,3.65,2022-08-14
2798,Seller_02798,Imphal,Assam,3.6,2025-12-11
2799,Seller_02799,Imphal,Karnataka,4.58,2020-09-08
2800,Seller_02800,Guwahati,West Bengal,3.41,2025-05-31
2801,Seller_02801,Jaipur,Tamil Nadu,3.76,2023-01-18
2802,Seller_02802,Bengaluru,Maharashtra,3.78,2023-12-10
2803,Seller_02803,Chennai,Assam,4.37,2025-02-08
2804,Seller_02804,Jaipur,Assam,3.53,2024-12-31
2805,Seller_02805,Kolkata,Assam,3.7,2025-09-15
2806,Seller_02806,Pune,Telangana,4.3,2021-08-26
2807,Seller_02807,Guwahati,Karnataka,4.37,2022-10-09
2808,Seller_02808,Delhi,Delhi,4.45,2022-01-28
2809,Seller_02809,Delhi,Karnataka,4.3,2025-02-22
2810,Seller_02810,Jaipur,Karnataka,4.3,2020-03-11
2811,Seller_02811,Hyderabad,Rajasthan,3.79,2020-11-27
2812,Seller_02812,Bengaluru,Delhi,4.69,2023-04-02
2813,Seller_02813,Hyderabad,Tamil Nadu,4.86,2024-03-17
2814,Seller_02814,Chennai,Assam,3.74,2020-02-10
2815,Seller_02815,Hyderabad,Karnataka,3.72,2023-09-30
2816,Seller_02816,Hyderabad,Delhi,3.15,2020-07-25
2817,Seller_02817,Jaipur,Maharashtra,4.16,2024-11-23
2818,Seller_02818,Pune,Rajasthan,4.31,2020-05-18
2819,Seller_02819,Mumbai,Rajasthan,5.0,2021-07-11
2820,Seller_02820,Guwahati,Delhi,3.97,2023-01-30
2821,Seller_02821,Chennai,Rajasthan,4.24,2020-03-18
2822,Seller_02822,Chennai,Telangana,3.68,2023-07-14
2823,Seller_02823,Guwahati,Manipur,5.0,2022-09-21
2824,Seller_02824,Bengaluru,West Bengal,4.66,2021-11-19
2825,Seller_02825,Jaipur,Telangana,4.96,2022-05-19
2826,Seller_02826,Delhi,Tamil Nadu,4.48,2025-04-20
2827,Seller_02827,Jaipur,Rajasthan,4.3,2024-08-17
2828,Seller_02828,Kolkata,Karnataka,4.14,2024-04-05
2829,Seller_02829,Jaipur,Manipur,4.25,2022-02-28
2830,Seller_02830,Guwahati,Karnataka,4.02,2022-07-03
2831,Seller_02831,Jaipur,Tamil Nadu,4.83,2025-08-03
2832,Seller_02832,Chennai,Assam,4.71,2022-10-08
2833,Seller_02833,Chennai,Karnataka,4.58,2023-02-07
2834,Seller_02834,Kolkata,Assam,3.82,2024-11-17
2835,Seller_02835,Mumbai,Telangana,4.74,2021-09-18
2836,Seller_02836,Guwahati,Manipur,3.58,2021-10-02
2837,Seller_02837,Imphal,Delhi,3.53,2021-04-23
2838,Seller_02838,Kolkata,Karnataka,4.47,2022-11-07
2839,Seller_02839,Pune,Rajasthan,4.12,2021-05-12
2840,Seller_02840,Kolkata,West Bengal,4.43,2025-04-22
2841,Seller_02841,Bengaluru,Rajasthan,4.87,2022-02-07
2842,Seller_02842,Mumbai,Karnataka,4.14,2021-12-30
2843,Seller_02843,Kolkata,Rajasthan,4.51,2022-12-14
2844,Seller_02844,Chennai,Tamil Nadu,4.15,2024-09-27
2845,Seller_02845,Mumbai,Tamil Nadu,3.9,2023-08-14
2846,Seller_02846,Delhi,Telangana,4.62,2025-12-22
2847,Seller_02847,Bengaluru,Delhi,5.0,2022-03-27
2848,Seller_02848,Delhi,Maharashtra,3.91,2024-11-18
2849,Seller_02849,Guwahati,West Bengal,4.33,2020-09-28
2850,Seller_02850,Imphal,Delhi,4.4,2021-10-21
2851,Seller_02851,Delhi,West Bengal,3.59,2020-04-03
2852,Seller_02852,Chennai,West Bengal,2.72,2021-06-14
2853,Seller_02853,Kolkata,West Bengal,4.42,2022-11-12
2854,Seller_02854,Chennai,West Bengal,4.17,2024-09-20
2855,Seller_02855,Mumbai,Delhi,3.8,2021-12-17
2856,Seller_02856,Guwahati,Karnataka,3.57,2024-07-14
2857,Seller_02857,Kolkata,Karnataka,3.8,2020-03-05
2858,Seller_02858,Pune,Tamil Nadu,4.77,2020-03-01
2859,Seller_02859,Guwahati,Assam,3.47,2022-11-26
2860,Seller_02860,Delhi,Assam,3.25,2022-05-24
2861,Seller_02861,Guwahati,Telangana,4.17,2022-08-19
2862,Seller_02862,Hyderabad,Maharashtra,4.59,2020-07-16
2863,Seller_02863,Chennai,Manipur,5.0,2021-07-24
2864,Seller_02864,Delhi,Tamil Nadu,3.84,2021-02-20
2865,Seller_02865,Hyderabad,Maharashtra,3.61,2021-06-07
2866,Seller_02866,Imphal,Assam,4.87,2024-12-15
2867,Seller_02867,Chennai,West Bengal,4.52,2023-06-16
2868,Seller_02868,Kolkata,Karnataka,4.28,2024-11-17
2869,Seller_02869,Chennai,Manipur,4.39,2024-11-08
2870,Seller_02870,Imphal,Rajasthan,4.13,2024-02-14
2871,Seller_02871,Chennai,West Bengal,3.92,2020-03-21
2872,Seller_02872,Delhi,Tamil Nadu,4.07,2022-08-19
2873,Seller_02873,Chennai,Telangana,4.01,2024-08-29
2874,Seller_02874,Delhi,Manipur,3.42,2020-03-25
2875,Seller_02875,Delhi,West Bengal,4.43,2024-06-25
2876,Seller_02876,Imphal,Manipur,4.3,2025-11-29
2877,Seller_02877,Hyderabad,Delhi,4.62,2024-01-19
2878,Seller_02878,Pune,Maharashtra,3.58,2020-12-08
2879,Seller_02879,Hyderabad,West Bengal,3.62,2023-09-22
2880,Seller_02880,Pune,Maharashtra,4.32,2021-07-28
2881,Seller_02881,Chennai,Delhi,4.16,2022-07-16
2882,Seller_02882,Jaipur,Telangana,4.08,2020-06-04
2883,Seller_02883,Pune,Manipur,3.82,2020-01-30
2884,Seller_02884,Guwahati,Rajasthan,4.02,2020-09-26
2885,Seller_02885,Delhi,Tamil Nadu,4.1,2022-05-22
2886,Seller_02886,Pune,Karnataka,4.18,2025-10-31
2887,Seller_02887,Pune,Maharashtra,3.49,2022-12-29
2888,Seller_02888,Pune,Assam,4.45,2021-11-02
2889,Seller_02889,Imphal,Delhi,5.0,2020-01-15
2890,Seller_02890,Chennai,Maharashtra,4.64,2022-11-04
2891,Seller_02891,Hyderabad,Manipur,4.04,2023-08-28
2892,Seller_02892,Jaipur,Manipur,3.96,2021-09-26
2893,Seller_02893,Bengaluru,Tamil Nadu,4.04,2021-02-18
2894,Seller_02894,Guwahati,Manipur,4.32,2021-06-06
2895,Seller_02895,Mumbai,Manipur,4.82,2020-05-10
2896,Seller_02896,Delhi,West Bengal,4.94,2022-12-19
2897,Seller_02897,Chennai,Manipur,4.2,2024-07-26
2898,Seller_02898,Mumbai,Telangana,4.26,2021-02-03
2899,Seller_02899,Guwahati,Delhi,3.87,2024-09-09
2900,Seller_02900,Kolkata,Maharashtra,4.43,2020-01-02
2901,Seller_02901,Guwahati,Maharashtra,5.0,2020-02-10
2902,Seller_02902,Mumbai,Karnataka,4.52,2022-06-30
2903,Seller_02903,Hyderabad,Telangana,3.9,2025-07-27
2904,Seller_02904,Delhi,West Bengal,4.61,2024-10-29
2905,Seller_02905,Pune,Karnataka,3.28,2024-09-28
2906,Seller_02906,Delhi,Maharashtra,4.46,2023-03-07
2907,Seller_02907,Kolkata,West Bengal,4.37,2025-01-29
2908,Seller_02908,Kolkata,Delhi,4.09,2025-06-29
2909,Seller_02909,Hyderabad,Maharashtra,4.06,2022-09-15
2910,Seller_02910,Guwahati,Tamil Nadu,4.16,2021-07-16
2911,Seller_02911,Guwahati,Delhi,3.58,2021-04-28
2912,Seller_02912,Kolkata,Maharashtra,4.61,2025-10-25
2913,Seller_02913,Guwahati,Delhi,4.8,2021-08-29
2914,Seller_02914,Delhi,Delhi,3.96,2024-10-12
2915,Seller_02915,Imphal,Karnataka,3.51,2023-11-24
2916,Seller_02916,Guwahati,Maharashtra,3.9,2024-10-30
2917,Seller_02917,Imphal,Assam,4.02,2022-08-31
2918,Seller_02918,Pune,Tamil Nadu,5.0,2021-10-25
2919,Seller_02919,Mumbai,Maharashtra,4.04,2021-09-02
2920,Seller_02920,Imphal,Delhi,3.8,2021-09-26
2921,Seller_02921,Chennai,Karnataka,4.36,2020-08-31
2922,Seller_02922,Pune,Assam,5.0,2023-06-05
2923,Seller_02923,Chennai,Rajasthan,4.06,2024-04-03
2924,Seller_02924,Jaipur,Manipur,4.11,2021-01-22
2925,Seller_02925,Jaipur,Rajasthan,4.41,2024-12-06
2926,Seller_02926,Kolkata,Maharashtra,4.67,2020-01-01
2927,Seller_02927,Imphal,West Bengal,3.48,2022-10-26
2928,Seller_02928,Delhi,West Bengal,3.7,2020-07-21
2929,Seller_02929,Hyderabad,Assam,4.18,2022-03-20
2930,Seller_02930,Delhi,Rajasthan,4.71,2020-01-06
2931,Seller_02931,Bengaluru,West Bengal,3.34,2025-09-13
2932,Seller_02932,Mumbai,Rajasthan,5.0,2022-09-09
2933,Seller_02933,Jaipur,Tamil Nadu,3.39,2024-01-28
2934,Seller_02934,Mumbai,Assam,3.99,2020-12-15
2935,Seller_02935,Imphal,Telangana,4.57,2023-05-01
2936,Seller_02936,Delhi,Assam,4.85,2023-05-23
2937,Seller_02937,Imphal,Telangana,3.56,2020-03-06
2938,Seller_02938,Pune,West Bengal,3.88,2025-11-18
2939,Seller_02939,Bengaluru,Delhi,3.7,2024-07-23
2940,Seller_02940,Chennai,Telangana,4.11,2024-11-06
2941,Seller_02941,Jaipur,Assam,3.98,2024-05-14
2942,Seller_02942,Chennai,Delhi,3.73,2020-06-29
2943,Seller_02943,Bengaluru,Tamil Nadu,4.6,2024-04-28
2944,Seller_02944,Mumbai,Karnataka,3.66,2025-12-19
2945,Seller_02945,Kolkata,Assam,4.96,2024-06-30
2946,Seller_02946,Hyderabad,Rajasthan,3.76,2025-03-14
2947,Seller_02947,Mumbai,West Bengal,3.78,2023-11-30
2948,Seller_02948,Imphal,Rajasthan,4.42,2020-02-10
2949,Seller_02949,Bengaluru,West Bengal,4.83,2023-04-17
2950,Seller_02950,Mumbai,Karnataka,4.23,2022-06-20
2951,Seller_02951,Mumbai,Delhi,3.88,2023-08-09
2952,Seller_02952,Hyderabad,Karnataka,4.43,2022-10-30
2953,Seller_02953,Kolkata,Delhi,4.26,2021-07-07
2954,Seller_02954,Kolkata,Maharashtra,3.6,2023-11-08
2955,Seller_02955,Guwahati,Telangana,4.71,2025-05-06
2956,Seller_02956,Mumbai,Tamil Nadu,3.61,2021-01-21
2957,Seller_02957,Bengaluru,West Bengal,4.06,2024-10-17
2958,Seller_02958,Mumbai,Karnataka,4.66,2023-04-15
2959,Seller_02959,Kolkata,Telangana,4.85,2025-04-13
2960,Seller_02960,Bengaluru,Rajasthan,4.48,2020-06-02
2961,Seller_02961,Guwahati,Karnataka,4.03,2024-06-07
2962,Seller_02962,Mumbai,Assam,4.09,2023-06-20
2963,Seller_02963,Kolkata,Rajasthan,3.73,2025-12-21
2964,Seller_02964,Jaipur,West Bengal,4.42,2021-10-31
2965,Seller_02965,Bengaluru,Assam,4.8,2023-10-05
2966,Seller_02966,Chennai,Assam,3.9,2024-05-05
2967,Seller_02967,Imphal,Assam,3.75,2021-07-26
2968,Seller_02968,Hyderabad,Assam,3.25,2025-02-05
2969,Seller_02969,Jaipur,Manipur,3.76,2020-05-06
2970,Seller_02970,Kolkata,Manipur,4.76,2024-07-29
2971,Seller_02971,Bengaluru,Assam,4.19,2021-11-14
2972,Seller_02972,Kolkata,Maharashtra,4.22,2021-09-24
2973,Seller_02973,Guwahati,Telangana,3.68,2020-07-26
2974,Seller_02974,Pune,Manipur,4.02,2024-12-20
2975,Seller_02975,Kolkata,Telangana,3.31,2020-06-30
2976,Seller_02976,Mumbai,Rajasthan,4.11,2021-05-13
2977,Seller_02977,Delhi,Assam,3.22,2020-04-14
2978,Seller_02978,Guwahati,Rajasthan,4.59,2025-07-03
2979,Seller_02979,Bengaluru,Karnataka,3.74,2021-05-29
2980,Seller_02980,Guwahati,Assam,4.55,2020-03-11
2981,Seller_02981,Imphal,Karnataka,3.3,2021-09-14
2982,Seller_02982,Chennai,Assam,4.89,2020-02-10
2983,Seller_02983,Delhi,Assam,3.55,2025-02-21
2984,Seller_02984,Kolkata,Rajasthan,2.99,2021-06-09
2985,Seller_02985,Chennai,Rajasthan,4.04,2021-05-29
2986,Seller_02986,Mumbai,Rajasthan,3.17,2023-04-28
2987,Seller_02987,Kolkata,Delhi,3.68,2022-01-20
2988,Seller_02988,Mumbai,Delhi,4.65,2020-07-01
2989,Seller_02989,Mumbai,Delhi,3.79,2022-11-14
2990,Seller_02990,Bengaluru,Maharashtra,4.53,2021-08-17
2991,Seller_02991,Guwahati,Rajasthan,4.81,2024-02-24
2992,Seller_02992,Pune,Maharashtra,3.74,2020-11-23
2993,Seller_02993,Pune,Rajasthan,4.59,2022-01-04
2994,Seller_02994,Delhi,Assam,4.33,2021-04-12
2995,Seller_02995,Pune,Delhi,3.61,2020-07-16
2996,Seller_02996,Pune,Maharashtra,4.91,2024-07-30
2997,Seller_02997,Guwahati,Delhi,4.32,2021-01-20
2998,Seller_02998,Guwahati,Delhi,3.17,2022-08-25
2999,Seller_02999,Hyderabad,Tamil Nadu,3.83,2025-10-15
3000,Seller_03000,Guwahati,Delhi,3.47,2020-06-22
3001,Seller_03001,Jaipur,Telangana,4.64,2021-10-11
3002,Seller_03002,Pune,Tamil Nadu,3.53,2022-11-13
3003,Seller_03003,Mumbai,West Bengal,4.6,2021-02-20
3004,Seller_03004,Hyderabad,Manipur,3.73,2024-12-04
3005,Seller_03005,Imphal,West Bengal,4.65,2024-05-29
3006,Seller_03006,Chennai,Assam,5.0,2024-10-13
3007,Seller_03007,Hyderabad,Delhi,4.27,2025-10-14
3008,Seller_03008,Mumbai,Assam,4.05,2025-02-10
3009,Seller_03009,Kolkata,West Bengal,3.33,2023-11-08
3010,Seller_03010,Imphal,Manipur,4.49,2021-05-16
3011,Seller_03011,Guwahati,Tamil Nadu,3.9,2020-02-25
3012,Seller_03012,Delhi,Assam,4.65,2025-01-30
3013,Seller_03013,Mumbai,Karnataka,3.6,2024-12-04
3014,Seller_03014,Guwahati,West Bengal,3.95,2025-09-05
3015,Seller_03015,Kolkata,Assam,4.29,2024-02-08
3016,Seller_03016,Imphal,Karnataka,4.42,2021-01-10
3017,Seller_03017,Jaipur,Rajasthan,3.36,2025-03-12
3018,Seller_03018,Chennai,Rajasthan,4.51,2025-01-14
3019,Seller_03019,Jaipur,Telangana,4.13,2022-03-25
3020,Seller_03020,Guwahati,Assam,4.46,2020-05-28
3021,Seller_03021,Mumbai,Assam,4.54,2021-01-05
3022,Seller_03022,Mumbai,Maharashtra,4.17,2024-01-16
3023,Seller_03023,Delhi,Maharashtra,5.0,2020-03-22
3024,Seller_03024,Bengaluru,West Bengal,4.44,2023-02-28
3025,Seller_03025,Delhi,Telangana,3.72,2020-07-10
3026,Seller_03026,Jaipur,Maharashtra,4.17,2023-01-13
3027,Seller_03027,Bengaluru,Maharashtra,3.19,2020-01-21
3028,Seller_03028,Kolkata,Assam,3.96,2020-10-27
3029,Seller_03029,Guwahati,Telangana,3.77,2024-09-14
3030,Seller_03030,Delhi,Telangana,4.64,2022-05-12
3031,Seller_03031,Delhi,Maharashtra,3.72,2024-01-26
3032,Seller_03032,Mumbai,Karnataka,3.43,2023-06-10
3033,Seller_03033,Imphal,Assam,4.29,2023-07-31
3034,Seller_03034,Chennai,West Bengal,4.13,2021-01-31
3035,Seller_03035,Bengaluru,West Bengal,4.53,2022-02-24
3036,Seller_03036,Delhi,Telangana,4.32,2020-09-08
3037,Seller_03037,Delhi,Assam,3.96,2021-01-03
3038,Seller_03038,Mumbai,Assam,4.51,2023-08-22
3039,Seller_03039,Kolkata,Delhi,3.84,2024-10-27
3040,Seller_03040,Kolkata,Delhi,3.48,2024-07-18
3041,Seller_03041,Chennai,Tamil Nadu,4.56,2023-06-10
3042,Seller_03042,Jaipur,West Bengal,4.39,2021-11-21
3043,Seller_03043,Mumbai,Assam,3.86,2022-07-28
3044,Seller_03044,Kolkata,Telangana,4.36,2022-10-13
3045,Seller_03045,Guwahati,Karnataka,4.1,2024-08-08
3046,Seller_03046,Kolkata,Tamil Nadu,3.45,2022-07-08
3047,Seller_03047,Delhi,Telangana,3.81,2024-06-12
3048,Seller_03048,Mumbai,Delhi,3.52,2022-10-15
3049,Seller_03049,Pune,Rajasthan,3.6,2021-07-06
3050,Seller_03050,Mumbai,West Bengal,4.45,2020-06-07
3051,Seller_03051,Chennai,Maharashtra,3.24,2023-10-30
3052,Seller_03052,Mumbai,Manipur,3.66,2022-02-10
3053,Seller_03053,Delhi,Rajasthan,3.99,2023-05-17
3054,Seller_03054,Kolkata,Telangana,3.67,2022-05-12
3055,Seller_03055,Chennai,Tamil Nadu,4.84,2024-03-18
3056,Seller_03056,Bengaluru,Manipur,4.57,2022-09-21
3057,Seller_03057,Delhi,Karnataka,3.85,2021-02-23
3058,Seller_03058,Hyderabad,Maharashtra,4.42,2022-08-02
3059,Seller_03059,Imphal,West Bengal,5.0,2022-06-21
3060,Seller_03060,Delhi,Karnataka,4.9,2025-12-25
3061,Seller_03061,Jaipur,Rajasthan,4.55,2024-12-01
3062,Seller_03062,Mumbai,Rajasthan,2.97,2025-02-01
3063,Seller_03063,Hyderabad,Karnataka,3.38,2024-03-15
3064,Seller_03064,Guwahati,Delhi,3.25,2020-02-28
3065,Seller_03065,Delhi,Assam,3.78,2021-12-24
3066,Seller_03066,Kolkata,Assam,2.93,2020-04-12
3067,Seller_03067,Delhi,Manipur,4.76,2022-12-28
3068,Seller_03068,Pune,Delhi,3.42,2020-01-09
3069,Seller_03069,Delhi,West Bengal,4.4,2022-11-30
3070,Seller_03070,Mumbai,Maharashtra,4.65,2025-01-27
3071,Seller_03071,Kolkata,Maharashtra,3.87,2020-07-05
3072,Seller_03072,Pune,Manipur,4.67,2022-02-22
3073,Seller_03073,Guwahati,Assam,4.25,2022-05-10
3074,Seller_03074,Guwahati,Tamil Nadu,5.0,2023-03-14
3075,Seller_03075,Imphal,Assam,3.96,2020-06-24
3076,Seller_03076,Imphal,Delhi,3.64,2022-06-25
3077,Seller_03077,Pune,Karnataka,4.96,2022-06-11
3078,Seller_03078,Hyderabad,Delhi,3.72,2023-04-03
3079,Seller_03079,Pune,Assam,3.76,2021-06-28
3080,Seller_03080,Pune,Assam,4.63,2023-06-27
3081,Seller_03081,Hyderabad,Maharashtra,4.13,2025-12-09
3082,Seller_03082,Jaipur,Karnataka,3.54,2025-04-29
3083,Seller_03083,Mumbai,Assam,3.82,2020-04-23
3084,Seller_03084,Chennai,Rajasthan,4.09,2021-08-19
3085,Seller_03085,Jaipur,Karnataka,5.0,2021-01-05
3086,Seller_03086,Imphal,Telangana,4.57,2025-05-02
3087,Seller_03087,Bengaluru,West Bengal,3.87,2022-08-05
3088,Seller_03088,Jaipur,West Bengal,3.75,2024-04-05
3089,Seller_03089,Delhi,Tamil Nadu,3.14,2023-06-13
3090,Seller_03090,Guwahati,Maharashtra,4.01,2022-08-05
3091,Seller_03091,Pune,Rajasthan,3.66,2023-09-14
3092,Seller_03092,Delhi,Telangana,3.04,2022-10-26
3093,Seller_03093,Delhi,Maharashtra,3.86,2021-07-23
3094,Seller_03094,Bengaluru,Manipur,3.97,2020-11-10
3095,Seller_03095,Bengaluru,Tamil Nadu,3.97,2020-03-03
3096,Seller_03096,Hyderabad,Maharashtra,3.79,2020-11-21
3097,Seller_03097,Guwahati,Assam,3.8,2024-05-29
3098,Seller_03098,Imphal,Rajasthan,4.28,2025-05-03
3099,Seller_03099,Delhi,Delhi,4.57,2024-12-25
3100,Seller_03100,Mumbai,Assam,4.14,2025-02-11
3101,Seller_03101,Hyderabad,Maharashtra,4.7,2021-12-12
3102,Seller_03102,Chennai,Karnataka,4.3,2024-01-24
3103,Seller_03103,Kolkata,Manipur,4.02,2024-08-19
3104,Seller_03104,Mumbai,West Bengal,3.95,2020-06-19
3105,Seller_03105,Hyderabad,West Bengal,3.87,2023-02-14
3106,Seller_03106,Chennai,Manipur,4.62,2021-02-08
3107,Seller_03107,Mumbai,Assam,3.83,2020-02-06
3108,Seller_03108,Kolkata,Karnataka,5.0,2020-09-04
3109,Seller_03109,Delhi,Tamil Nadu,3.69,2022-02-07
3110,Seller_03110,Jaipur,Rajasthan,3.57,2025-04-18
3111,Seller_03111,Hyderabad,Rajasthan,3.61,2025-06-28
3112,Seller_03112,Bengaluru,Assam,4.61,2021-04-15
3113,Seller_03113,Bengaluru,Rajasthan,4.08,2021-12-04
3114,Seller_03114,Mumbai,Rajasthan,2.84,2025-11-18
3115,Seller_03115,Chennai,Maharashtra,4.41,2021-04-06
3116,Seller_03116,Guwahati,West Bengal,3.44,2022-10-29
3117,Seller_03117,Kolkata,Karnataka,2.96,2020-06-28
3118,Seller_03118,Kolkata,Manipur,4.08,2021-10-22
3119,Seller_03119,Chennai,Rajasthan,4.94,2024-11-18
3120,Seller_03120,Jaipur,Telangana,3.66,2020-05-13
3121,Seller_03121,Pune,Tamil Nadu,3.25,2023-08-07
3122,Seller_03122,Pune,Maharashtra,2.95,2022-04-05
3123,Seller_03123,Jaipur,Assam,4.16,2020-09-06
3124,Seller_03124,Jaipur,West Bengal,4.39,2023-03-25
3125,Seller_03125,Chennai,West Bengal,3.72,2020-06-14
3126,Seller_03126,Hyderabad,Telangana,4.84,2021-07-15
3127,Seller_03127,Jaipur,Rajasthan,4.03,2023-07-14
3128,Seller_03128,Guwahati,Karnataka,5.0,2023-03-17
3129,Seller_03129,Hyderabad,Assam,4.58,2021-06-20
3130,Seller_03130,Guwahati,West Bengal,3.28,2021-12-30
3131,Seller_03131,Hyderabad,Delhi,4.45,2020-06-22
3132,Seller_03132,Chennai,Telangana,4.65,2022-06-08
3133,Seller_03133,Pune,Telangana,4.95,2025-09-13
3134,Seller_03134,Delhi,Karnataka,4.04,2020-04-07
3135,Seller_03135,Hyderabad,Maharashtra,4.67,2025-09-04
3136,Seller_03136,Guwahati,West Bengal,4.57,2022-10-22
3137,Seller_03137,Chennai,Tamil Nadu,3.77,2024-02-22
3138,Seller_03138,Imphal,Karnataka,3.88,2021-09-02
3139,Seller_03139,Mumbai,Manipur,5.0,2024-04-15
3140,Seller_03140,Pune,Manipur,3.92,2025-02-16
3141,Seller_03141,Kolkata,Assam,3.37,2021-03-08
3142,Seller_03142,Bengaluru,Delhi,4.09,2021-08-22
3143,Seller_03143,Hyderabad,Delhi,3.49,2022-07-09
3144,Seller_03144,Chennai,Delhi,4.32,2025-12-30
3145,Seller_03145,Hyderabad,West Bengal,4.2,2022-04-05
3146,Seller_03146,Imphal,Manipur,3.86,2023-08-12
3147,Seller_03147,Chennai,Delhi,3.4,2025-04-10
3148,Seller_03148,Kolkata,Assam,5.0,2025-01-27
3149,Seller_03149,Pune,Delhi,3.48,2021-03-23
3150,Seller_03150,Kolkata,Delhi,4.06,2023-08-06
3151,Seller_03151,Hyderabad,Maharashtra,4.27,2022-08-28
3152,Seller_03152,Chennai,Telangana,4.21,2022-03-20
3153,Seller_03153,Chennai,Rajasthan,3.96,2021-04-30
3154,Seller_03154,Pune,Telangana,4.37,2025-09-13
3155,Seller_03155,Guwahati,Karnataka,3.58,2020-11-02
3156,Seller_03156,Chennai,Rajasthan,4.27,2023-02-16
3157,Seller_03157,Jaipur,Tamil Nadu,4.07,2021-05-29
3158,Seller_03158,Kolkata,Tamil Nadu,3.76,2025-05-06
3159,Seller_03159,Pune,Maharashtra,4.0,2021-12-20
3160,Seller_03160,Chennai,Tamil Nadu,4.08,2022-11-10
3161,Seller_03161,Kolkata,Karnataka,3.5,2025-05-06
3162,Seller_03162,Bengaluru,Maharashtra,4.29,2024-11-24
3163,Seller_03163,Hyderabad,Telangana,3.46,2020-06-30
3164,Seller_03164,Delhi,Tamil Nadu,3.06,2024-05-14
3165,Seller_03165,Delhi,Rajasthan,3.69,2022-08-05
3166,Seller_03166,Chennai,Telangana,3.57,2023-05-24
3167,Seller_03167,Hyderabad,West Bengal,4.39,2025-09-08
3168,Seller_03168,Kolkata,Delhi,4.15,2022-06-28
3169,Seller_03169,Imphal,Rajasthan,3.73,2021-03-28
3170,Seller_03170,Guwahati,Maharashtra,3.47,2020-10-30
3171,Seller_03171,Kolkata,Karnataka,3.95,2021-11-21
3172,Seller_03172,Kolkata,Karnataka,4.34,2024-02-29
3173,Seller_03173,Bengaluru,Delhi,3.96,2024-10-06
3174,Seller_03174,Mumbai,West Bengal,3.85,2021-10-19
3175,Seller_03175,Kolkata,Karnataka,4.12,2021-02-07
3176,Seller_03176,Pune,Maharashtra,3.4,2020-08-27
3177,Seller_03177,Delhi,Telangana,4.11,2022-03-23
3178,Seller_03178,Bengaluru,Karnataka,4.37,2023-12-17
3179,Seller_03179,Kolkata,Telangana,3.8,2020-02-10
3180,Seller_03180,Kolkata,West Bengal,2.83,2025-11-04
3181,Seller_03181,Bengaluru,Tamil Nadu,4.58,2025-11-18
3182,Seller_03182,Imphal,Telangana,3.45,2025-07-17
3183,Seller_03183,Jaipur,Manipur,4.27,2022-07-21
3184,Seller_03184,Bengaluru,Rajasthan,4.15,2020-07-13
3185,Seller_03185,Hyderabad,Assam,4.12,2024-03-06
3186,Seller_03186,Chennai,Tamil Nadu,3.92,2022-08-17
3187,Seller_03187,Delhi,Maharashtra,4.09,2020-08-10
3188,Seller_03188,Imphal,Telangana,3.99,2024-01-21
3189,Seller_03189,Chennai,Delhi,3.87,2025-05-06
3190,Seller_03190,Delhi,Karnataka,4.75,2020-12-19
3191,Seller_03191,Pune,Tamil Nadu,3.73,2021-11-23
3192,Seller_03192,Hyderabad,Manipur,4.79,2022-10-26
3193,Seller_03193,Mumbai,West Bengal,3.74,2021-03-05
3194,Seller_03194,Pune,Karnataka,3.65,2021-08-05
3195,Seller_03195,Bengaluru,Rajasthan,3.92,2020-02-17
3196,Seller_03196,Hyderabad,West Bengal,3.78,2021-01-29
3197,Seller_03197,Guwahati,Delhi,4.35,2024-05-03
3198,Seller_03198,Kolkata,Karnataka,4.43,2024-11-22
3199,Seller_03199,Guwahati,Telangana,4.02,2023-04-05
3200,Seller_03200,Imphal,Delhi,4.31,2025-11-24
3201,Seller_03201,Chennai,Tamil Nadu,4.19,2024-01-01
3202,Seller_03202,Hyderabad,Manipur,3.58,2023-02-16
3203,Seller_03203,Bengaluru,Karnataka,4.07,2025-01-02
3204,Seller_03204,Delhi,West Bengal,4.84,2021-10-06
3205,Seller_03205,Hyderabad,Telangana,3.45,2025-10-26
3206,Seller_03206,Kolkata,Manipur,2.93,2024-06-17
3207,Seller_03207,Pune,Tamil Nadu,3.03,2025-03-11
3208,Seller_03208,Kolkata,West Bengal,4.1,2022-01-28
3209,Seller_03209,Delhi,Telangana,4.12,2021-06-03
3210,Seller_03210,Delhi,Assam,3.89,2021-09-04
3211,Seller_03211,Imphal,Delhi,3.61,2023-04-11
3212,Seller_03212,Jaipur,Rajasthan,3.31,2021-10-05
3213,Seller_03213,Jaipur,Tamil Nadu,4.27,2023-10-27
3214,Seller_03214,Imphal,Rajasthan,3.21,2021-07-28
3215,Seller_03215,Mumbai,Assam,3.43,2023-12-02
3216,Seller_03216,Mumbai,Delhi,4.63,2024-02-29
3217,Seller_03217,Mumbai,Telangana,4.29,2025-11-22
3218,Seller_03218,Bengaluru,Rajasthan,3.93,2025-04-23
3219,Seller_03219,Imphal,Rajasthan,3.99,2022-05-23
3220,Seller_03220,Imphal,Karnataka,3.64,2020-08-14
3221,Seller_03221,Pune,Rajasthan,2.63,2024-11-23
3222,Seller_03222,Bengaluru,Maharashtra,3.99,2023-07-09
3223,Seller_03223,Jaipur,Maharashtra,4.17,2025-12-08
3224,Seller_03224,Guwahati,Assam,4.24,2024-03-15
3225,Seller_03225,Hyderabad,Maharashtra,4.31,2022-12-04
3226,Seller_03226,Pune,Delhi,5.0,2023-09-01
3227,Seller_03227,Chennai,Delhi,4.62,2024-06-27
3228,Seller_03228,Imphal,Karnataka,4.5,2022-08-10
3229,Seller_03229,Bengaluru,Karnataka,4.54,2024-01-19
3230,Seller_03230,Bengaluru,Telangana,3.71,2024-04-20
3231,Seller_03231,Imphal,Maharashtra,4.31,2023-11-23
3232,Seller_03232,Hyderabad,West Bengal,4.52,2021-09-18
3233,Seller_03233,Mumbai,Manipur,3.98,2022-06-12
3234,Seller_03234,Guwahati,Tamil Nadu,5.0,2023-09-05
3235,Seller_03235,Mumbai,West Bengal,3.93,2024-09-08
3236,Seller_03236,Kolkata,Tamil Nadu,4.94,2021-07-11
3237,Seller_03237,Pune,Delhi,4.52,2024-07-20
3238,Seller_03238,Imphal,West Bengal,3.82,2020-12-31
3239,Seller_03239,Pune,West Bengal,4.42,2023-01-31
3240,Seller_03240,Delhi,Manipur,4.11,2025-04-05
3241,Seller_03241,Kolkata,Delhi,4.02,2024-07-15
3242,Seller_03242,Jaipur,Rajasthan,3.94,2020-05-06
3243,Seller_03243,Mumbai,Maharashtra,4.0,2025-03-09
3244,Seller_03244,Kolkata,Maharashtra,4.86,2024-08-16
3245,Seller_03245,Hyderabad,Telangana,4.56,2024-11-01
3246,Seller_03246,Imphal,Telangana,4.97,2021-06-11
3247,Seller_03247,Mumbai,Manipur,3.87,2024-03-05
3248,Seller_03248,Mumbai,Rajasthan,4.24,2024-08-04
3249,Seller_03249,Pune,Rajasthan,4.14,2025-09-12
3250,Seller_03250,Hyderabad,Manipur,3.81,2020-07-01
3251,Seller_03251,Hyderabad,Tamil Nadu,4.62,2025-03-06
3252,Seller_03252,Imphal,Manipur,3.77,2024-02-13
3253,Seller_03253,Delhi,Manipur,4.39,2020-04-11
3254,Seller_03254,Hyderabad,Delhi,4.27,2022-11-24
3255,Seller_03255,Jaipur,Karnataka,4.41,2022-07-25
3256,Seller_03256,Kolkata,Delhi,4.6,2025-09-13
3257,Seller_03257,Mumbai,Rajasthan,4.59,2020-11-14
3258,Seller_03258,Pune,Rajasthan,3.33,2020-11-04
3259,Seller_03259,Imphal,Telangana,3.87,2022-02-11
3260,Seller_03260,Hyderabad,Rajasthan,4.72,2023-07-19
3261,Seller_03261,Kolkata,Rajasthan,3.82,2025-11-12
3262,Seller_03262,Chennai,Manipur,3.58,2023-06-10
3263,Seller_03263,Jaipur,Telangana,3.38,2021-03-13
3264,Seller_03264,Imphal,Tamil Nadu,3.51,2022-02-07
3265,Seller_03265,Pune,Delhi,3.73,2024-06-28
3266,Seller_03266,Imphal,Manipur,4.59,2023-04-07
3267,Seller_03267,Delhi,Delhi,3.5,2021-02-21
3268,Seller_03268,Pune,Delhi,3.03,2025-10-01
3269,Seller_03269,Jaipur,Maharashtra,3.43,2021-08-12
3270,Seller_03270,Imphal,Delhi,3.69,2022-09-20
3271,Seller_03271,Delhi,West Bengal,4.1,2022-06-01
3272,Seller_03272,Jaipur,West Bengal,4.29,2025-01-10
3273,Seller_03273,Pune,Delhi,4.51,2023-11-20
3274,Seller_03274,Delhi,Karnataka,2.59,2025-05-27
3275,Seller_03275,Mumbai,Delhi,4.67,2023-08-08
3276,Seller_03276,Delhi,Tamil Nadu,4.19,2021-02-25
3277,Seller_03277,Imphal,Tamil Nadu,4.22,2024-07-14
3278,Seller_03278,Hyderabad,Assam,3.98,2025-11-02
3279,Seller_03279,Imphal,Assam,3.46,2025-01-15
3280,Seller_03280,Bengaluru,Delhi,3.44,2024-03-02
3281,Seller_03281,Imphal,Rajasthan,4.42,2023-04-25
3282,Seller_03282,Guwahati,Rajasthan,4.03,2024-08-16
3283,Seller_03283,Pune,Maharashtra,4.69,2023-05-24
3284,Seller_03284,Bengaluru,Maharashtra,4.08,2022-03-03
3285,Seller_03285,Chennai,Manipur,4.48,2021-05-19
3286,Seller_03286,Imphal,West Bengal,4.52,2025-12-27
3287,Seller_03287,Bengaluru,West Bengal,4.27,2022-09-22
3288,Seller_03288,Kolkata,Maharashtra,3.65,2022-07-07
3289,Seller_03289,Hyderabad,Tamil Nadu,4.07,2025-10-28
3290,Seller_03290,Mumbai,Assam,4.26,2021-11-06
3291,Seller_03291,Imphal,West Bengal,4.29,2023-06-07
3292,Seller_03292,Imphal,Maharashtra,3.73,2020-12-22
3293,Seller_03293,Jaipur,Delhi,3.49,2024-12-04
3294,Seller_03294,Guwahati,West Bengal,3.77,2021-08-04
3295,Seller_03295,Pune,Telangana,3.72,2025-09-21
3296,Seller_03296,Bengaluru,Assam,4.56,2023-02-11
3297,Seller_03297,Imphal,Assam,3.6,2024-03-29
3298,Seller_03298,Chennai,Karnataka,4.22,2024-04-17
3299,Seller_03299,Imphal,Rajasthan,4.26,2023-07-10
3300,Seller_03300,Chennai,Tamil Nadu,4.58,2021-01-01
3301,Seller_03301,Chennai,Telangana,4.41,2023-11-26
3302,Seller_03302,Bengaluru,Karnataka,4.12,2024-08-24
3303,Seller_03303,Bengaluru,Telangana,4.59,2025-01-08
3304,Seller_03304,Mumbai,Delhi,3.82,2022-02-02
3305,Seller_03305,Pune,Manipur,4.02,2020-03-12
3306,Seller_03306,Mumbai,Assam,3.22,2025-08-01
3307,Seller_03307,Kolkata,Delhi,3.94,2023-10-21
3308,Seller_03308,Hyderabad,Maharashtra,3.93,2022-02-24
3309,Seller_03309,Kolkata,Maharashtra,3.6,2024-01-17
3310,Seller_03310,Pune,Karnataka,3.76,2020-10-12
3311,Seller_03311,Jaipur,Maharashtra,3.63,2024-09-08
3312,Seller_03312,Bengaluru,Tamil Nadu,4.38,2020-08-27
3313,Seller_03313,Hyderabad,Karnataka,4.3,2022-03-30
3314,Seller_03314,Bengaluru,Maharashtra,3.15,2022-08-02
3315,Seller_03315,Pune,Delhi,3.42,2025-10-27
3316,Seller_03316,Jaipur,Karnataka,4.38,2024-04-05
3317,Seller_03317,Chennai,Maharashtra,3.92,2025-07-22
3318,Seller_03318,Hyderabad,Maharashtra,3.41,2020-09-22
3319,Seller_03319,Pune,Manipur,4.43,2021-11-29
3320,Seller_03320,Pune,West Bengal,3.89,2022-07-09
3321,Seller_03321,Pune,Maharashtra,3.05,2021-09-16
3322,Seller_03322,Mumbai,West Bengal,3.92,2025-09-02
3323,Seller_03323,Imphal,Telangana,2.97,2020-02-21
3324,Seller_03324,Bengaluru,Assam,4.68,2023-09-22
3325,Seller_03325,Imphal,Telangana,4.53,2020-09-21
3326,Seller_03326,Imphal,Karnataka,4.71,2023-08-07
3327,Seller_03327,Mumbai,Rajasthan,3.44,2020-04-02
3328,Seller_03328,Kolkata,Telangana,3.07,2025-08-13
3329,Seller_03329,Bengaluru,West Bengal,4.6,2023-09-22
3330,Seller_03330,Hyderabad,Telangana,4.29,2024-05-07
3331,Seller_03331,Bengaluru,West Bengal,4.25,2022-11-05
3332,Seller_03332,Kolkata,Karnataka,4.07,2025-08-06
3333,Seller_03333,Bengaluru,Tamil Nadu,4.35,2022-10-14
3334,Seller_03334,Guwahati,Telangana,3.27,2022-04-10
3335,Seller_03335,Delhi,West Bengal,2.8,2023-01-09
3336,Seller_03336,Guwahati,Manipur,3.51,2022-02-18
3337,Seller_03337,Bengaluru,West Bengal,3.82,2022-01-12
3338,Seller_03338,Mumbai,Telangana,3.77,2021-12-24
3339,Seller_03339,Pune,Assam,3.46,2020-08-18
3340,Seller_03340,Guwahati,Karnataka,3.83,2023-11-11
3341,Seller_03341,Pune,Maharashtra,4.3,2024-10-05
3342,Seller_03342,Guwahati,Rajasthan,4.02,2021-12-20
3343,Seller_03343,Hyderabad,Delhi,3.85,2022-11-24
3344,Seller_03344,Mumbai,Maharashtra,4.15,2023-05-30
3345,Seller_03345,Imphal,Telangana,4.7,2022-09-10
3346,Seller_03346,Imphal,Rajasthan,4.34,2021-11-26
3347,Seller_03347,Kolkata,Tamil Nadu,4.18,2024-02-03
3348,Seller_03348,Imphal,Karnataka,4.53,2020-05-27
3349,Seller_03349,Kolkata,Rajasthan,3.68,2022-11-02
3350,Seller_03350,Mumbai,Tamil Nadu,3.55,2023-09-25
3351,Seller_03351,Delhi,Tamil Nadu,4.98,2024-01-02
3352,Seller_03352,Mumbai,Tamil Nadu,3.23,2024-09-30
3353,Seller_03353,Mumbai,Rajasthan,4.29,2022-12-21
3354,Seller_03354,Imphal,Rajasthan,4.07,2025-10-13
3355,Seller_03355,Jaipur,West Bengal,4.66,2024-01-17
3356,Seller_03356,Imphal,Delhi,4.24,2021-04-30
3357,Seller_03357,Bengaluru,West Bengal,3.85,2022-05-14
3358,Seller_03358,Delhi,Rajasthan,4.5,2021-01-28
3359,Seller_03359,Chennai,Manipur,5.0,2025-03-04
3360,Seller_03360,Mumbai,Karnataka,3.88,2024-01-19
3361,Seller_03361,Bengaluru,Assam,3.75,2024-01-03
3362,Seller_03362,Bengaluru,Assam,4.5,2022-12-01
3363,Seller_03363,Mumbai,Telangana,3.85,2021-08-31
3364,Seller_03364,Jaipur,Karnataka,4.11,2024-05-09
3365,Seller_03365,Chennai,Manipur,3.72,2020-06-18
3366,Seller_03366,Mumbai,Karnataka,3.57,2020-04-30
3367,Seller_03367,Mumbai,Manipur,4.34,2020-07-17
3368,Seller_03368,Chennai,Karnataka,3.2,2020-09-12
3369,Seller_03369,Kolkata,Rajasthan,4.16,2020-10-16
3370,Seller_03370,Kolkata,Tamil Nadu,3.0,2025-08-08
3371,Seller_03371,Pune,Delhi,4.22,2020-04-22
3372,Seller_03372,Imphal,Rajasthan,3.28,2021-12-05
3373,Seller_03373,Pune,Delhi,4.04,2025-07-12
3374,Seller_03374,Bengaluru,Assam,3.78,2023-02-26
3375,Seller_03375,Kolkata,Telangana,4.78,2021-04-13
3376,Seller_03376,Kolkata,Assam,4.12,2025-12-08
3377,Seller_03377,Chennai,Delhi,4.15,2025-12-15
3378,Seller_03378,Hyderabad,Karnataka,3.73,2025-06-13
3379,Seller_03379,Imphal,Tamil Nadu,4.84,2021-01-04
3380,Seller_03380,Pune,Delhi,3.9,2021-11-06
3381,Seller_03381,Guwahati,Rajasthan,3.96,2020-09-26
3382,Seller_03382,Kolkata,Rajasthan,3.66,2023-12-04
3383,Seller_03383,Jaipur,Manipur,3.92,2023-09-02
3384,Seller_03384,Hyderabad,Assam,4.62,2020-11-22
3385,Seller_03385,Mumbai,Karnataka,4.8,2025-03-07
3386,Seller_03386,Jaipur,Manipur,3.88,2020-10-19
3387,Seller_03387,Mumbai,Manipur,5.0,2021-08-14
3388,Seller_03388,Delhi,Telangana,5.0,2022-03-20
3389,Seller_03389,Bengaluru,Karnataka,4.31,2022-03-30
3390,Seller_03390,Bengaluru,West Bengal,3.8,2025-11-08
3391,Seller_03391,Imphal,Delhi,4.37,2021-08-22
3392,Seller_03392,Hyderabad,Maharashtra,3.84,2025-07-28
3393,Seller_03393,Bengaluru,Tamil Nadu,3.39,2025-04-28
3394,Seller_03394,Kolkata,Maharashtra,3.92,2022-09-27
3395,Seller_03395,Bengaluru,Karnataka,3.81,2021-07-01
3396,Seller_03396,Hyderabad,Tamil Nadu,4.05,2022-10-21
3397,Seller_03397,Pune,Maharashtra,4.06,2025-07-16
3398,Seller_03398,Bengaluru,Karnataka,4.42,2024-01-27
3399,Seller_03399,Hyderabad,West Bengal,4.07,2025-04-09
3400,Seller_03400,Jaipur,Assam,3.57,2020-09-16
3401,Seller_03401,Delhi,Telangana,4.41,2023-10-07
3402,Seller_03402,Chennai,Rajasthan,4.16,2021-08-21
3403,Seller_03403,Kolkata,Maharashtra,4.01,2021-12-30
3404,Seller_03404,Chennai,Telangana,4.14,2024-04-23
3405,Seller_03405,Pune,West Bengal,4.33,2023-11-29
3406,Seller_03406,Mumbai,Assam,4.58,2023-05-08
3407,Seller_03407,Kolkata,Telangana,3.84,2022-12-20
3408,Seller_03408,Guwahati,West Bengal,3.04,2020-09-13
3409,Seller_03409,Guwahati,West Bengal,4.28,2023-10-10
3410,Seller_03410,Mumbai,Telangana,3.66,2023-12-22
3411,Seller_03411,Guwahati,Tamil Nadu,3.42,2020-03-13
3412,Seller_03412,Guwahati,Assam,4.59,2024-05-08
3413,Seller_03413,Guwahati,Karnataka,4.22,2024-01-28
3414,Seller_03414,Kolkata,Delhi,4.4,2025-07-15
3415,Seller_03415,Hyderabad,Maharashtra,3.92,2024-10-12
3416,Seller_03416,Guwahati,Telangana,3.54,2022-09-04
3417,Seller_03417,Bengaluru,Delhi,3.84,2025-12-13
3418,Seller_03418,Bengaluru,Telangana,3.92,2023-02-27
3419,Seller_03419,Hyderabad,Tamil Nadu,3.65,2020-09-28
3420,Seller_03420,Chennai,West Bengal,3.76,2020-09-03
3421,Seller_03421,Imphal,Telangana,4.36,2021-06-09
3422,Seller_03422,Pune,Delhi,3.71,2025-07-14
3423,Seller_03423,Delhi,Karnataka,4.13,2021-01-07
3424,Seller_03424,Chennai,Manipur,3.58,2024-02-13
3425,Seller_03425,Chennai,Maharashtra,4.51,2021-03-12
3426,Seller_03426,Chennai,Delhi,4.94,2024-06-29
3427,Seller_03427,Imphal,Telangana,4.0,2020-12-30
3428,Seller_03428,Mumbai,Rajasthan,4.73,2023-08-28
3429,Seller_03429,Jaipur,Maharashtra,3.53,2023-12-20
3430,Seller_03430,Chennai,Telangana,4.15,2024-08-25
3431,Seller_03431,Jaipur,Karnataka,4.16,2025-03-13
3432,Seller_03432,Guwahati,Manipur,3.29,2025-11-19
3433,Seller_03433,Chennai,Rajasthan,3.58,2021-07-07
3434,Seller_03434,Kolkata,Karnataka,3.87,2021-04-03
3435,Seller_03435,Chennai,Assam,3.85,2021-05-20
3436,Seller_03436,Mumbai,Delhi,4.17,2021-07-25
3437,Seller_03437,Delhi,West Bengal,3.49,2020-09-04
3438,Seller_03438,Bengaluru,Rajasthan,3.76,2023-12-24
3439,Seller_03439,Chennai,Telangana,4.23,2021-05-13
3440,Seller_03440,Jaipur,Delhi,4.06,2023-07-01
3441,Seller_03441,Mumbai,Delhi,5.0,2022-04-01
3442,Seller_03442,Imphal,Manipur,4.32,2022-11-03
3443,Seller_03443,Delhi,Telangana,4.03,2023-01-26
3444,Seller_03444,Jaipur,Rajasthan,4.65,2023-03-25
3445,Seller_03445,Chennai,Manipur,4.24,2020-06-20
3446,Seller_03446,Pune,Telangana,4.54,2022-11-24
3447,Seller_03447,Delhi,Telangana,3.78,2023-01-27
3448,Seller_03448,Hyderabad,Manipur,3.68,2024-09-12
3449,Seller_03449,Delhi,Maharashtra,4.45,2020-10-09
3450,Seller_03450,Hyderabad,Telangana,2.92,2024-04-16
3451,Seller_03451,Delhi,Assam,3.76,2020-07-30
3452,Seller_03452,Imphal,Rajasthan,4.56,2025-06-16
3453,Seller_03453,Mumbai,Karnataka,3.58,2025-02-11
3454,Seller_03454,Hyderabad,Assam,4.51,2021-04-16
3455,Seller_03455,Kolkata,Delhi,5.0,2024-12-28
3456,Seller_03456,Pune,Tamil Nadu,3.42,2020-04-14
3457,Seller_03457,Pune,Assam,3.79,2023-10-03
3458,Seller_03458,Pune,Tamil Nadu,4.09,2020-05-05
3459,Seller_03459,Kolkata,Karnataka,3.39,2025-08-19
3460,Seller_03460,Pune,Manipur,4.61,2025-01-22
3461,Seller_03461,Jaipur,Rajasthan,3.82,2025-06-24
3462,Seller_03462,Delhi,Telangana,4.04,2025-01-06
3463,Seller_03463,Mumbai,Karnataka,4.68,2025-04-23
3464,Seller_03464,Delhi,Delhi,4.57,2020-05-21
3465,Seller_03465,Delhi,West Bengal,3.51,2020-07-08
3466,Seller_03466,Guwahati,Rajasthan,4.64,2020-08-19
3467,Seller_03467,Guwahati,Maharashtra,4.73,2020-05-12
3468,Seller_03468,Guwahati,West Bengal,3.86,2024-04-21
3469,Seller_03469,Guwahati,Karnataka,4.76,2020-02-09
3470,Seller_03470,Hyderabad,Maharashtra,4.66,2025-04-30
3471,Seller_03471,Kolkata,Delhi,4.0,2024-01-17
3472,Seller_03472,Pune,Rajasthan,3.52,2023-04-23
3473,Seller_03473,Imphal,Rajasthan,4.66,2022-06-05
3474,Seller_03474,Chennai,Delhi,3.37,2025-04-18
3475,Seller_03475,Guwahati,Telangana,4.4,2025-11-04
3476,Seller_03476,Chennai,Telangana,4.33,2025-10-04
3477,Seller_03477,Mumbai,Assam,3.83,2024-06-10
3478,Seller_03478,Chennai,Tamil Nadu,4.95,2022-11-09
3479,Seller_03479,Pune,Tamil Nadu,5.0,2020-08-01
3480,Seller_03480,Hyderabad,Maharashtra,4.9,2021-07-07
3481,Seller_03481,Chennai,West Bengal,4.69,2025-02-11
3482,Seller_03482,Jaipur,Karnataka,3.05,2020-06-09
3483,Seller_03483,Jaipur,Maharashtra,3.95,2024-02-17
3484,Seller_03484,Chennai,Karnataka,4.37,2022-02-25
3485,Seller_03485,Guwahati,Telangana,4.28,2022-03-22
3486,Seller_03486,Hyderabad,Assam,3.68,2020-01-20
3487,Seller_03487,Pune,Delhi,4.35,2025-04-07
3488,Seller_03488,Pune,Assam,4.07,2024-04-20
3489,Seller_03489,Delhi,Karnataka,4.61,2023-04-09
3490,Seller_03490,Chennai,Delhi,4.48,2021-11-21
3491,Seller_03491,Hyderabad,Tamil Nadu,3.68,2024-09-09
3492,Seller_03492,Mumbai,Assam,3.35,2023-01-17
3493,Seller_03493,Hyderabad,Tamil Nadu,3.57,2021-01-03
3494,Seller_03494,Guwahati,West Bengal,4.65,2022-04-11
3495,Seller_03495,Bengaluru,Manipur,3.34,2024-01-05
3496,Seller_03496,Jaipur,Telangana,4.24,2021-03-04
3497,Seller_03497,Chennai,Karnataka,4.17,2020-04-14
3498,Seller_03498,Delhi,Telangana,4.19,2024-04-06
3499,Seller_03499,Delhi,Manipur,4.59,2020-02-19
3500,Seller_03500,Delhi,Rajasthan,4.75,2024-05-17
3501,Seller_03501,Bengaluru,Telangana,3.97,2021-05-22
3502,Seller_03502,Kolkata,West Bengal,2.6,2025-10-06
3503,Seller_03503,Delhi,Assam,3.55,2022-06-07
3504,Seller_03504,Pune,Delhi,2.5,2023-11-05
3505,Seller_03505,Delhi,West Bengal,3.88,2025-05-24
3506,Seller_03506,Jaipur,Assam,4.64,2022-12-06
3507,Seller_03507,Jaipur,Tamil Nadu,4.32,2022-04-23
3508,Seller_03508,Jaipur,Maharashtra,3.75,2022-09-05
3509,Seller_03509,Pune,Tamil Nadu,3.83,2024-12-18
3510,Seller_03510,Chennai,Maharashtra,4.36,2020-11-04
3511,Seller_03511,Delhi,Rajasthan,4.05,2024-10-23
3512,Seller_03512,Chennai,Manipur,3.73,2022-01-31
3513,Seller_03513,Guwahati,West Bengal,4.55,2025-07-22
3514,Seller_03514,Hyderabad,Rajasthan,3.08,2022-09-28
3515,Seller_03515,Bengaluru,Manipur,3.49,2022-07-13
3516,Seller_03516,Kolkata,Assam,3.79,2022-09-04
3517,Seller_03517,Pune,Manipur,3.77,2025-02-17
3518,Seller_03518,Chennai,Telangana,3.59,2021-04-25
3519,Seller_03519,Imphal,Rajasthan,3.56,2024-08-24
3520,Seller_03520,Guwahati,Tamil Nadu,4.54,2020-12-09
3521,Seller_03521,Bengaluru,West Bengal,5.0,2021-01-31
3522,Seller_03522,Delhi,Delhi,4.37,2025-01-29
3523,Seller_03523,Pune,Rajasthan,3.45,2023-05-24
3524,Seller_03524,Guwahati,Rajasthan,3.64,2022-06-03
3525,Seller_03525,Guwahati,Assam,4.75,2021-10-10
3526,Seller_03526,Kolkata,Telangana,3.73,2023-03-23
3527,Seller_03527,Pune,Tamil Nadu,3.86,2020-04-20
3528,Seller_03528,Pune,Tamil Nadu,3.97,2022-04-14
3529,Seller_03529,Mumbai,Delhi,3.94,2025-03-22
3530,Seller_03530,Bengaluru,West Bengal,4.4,2022-06-25
3531,Seller_03531,Guwahati,Tamil Nadu,4.05,2024-02-06
3532,Seller_03532,Kolkata,Karnataka,3.61,2021-01-14
3533,Seller_03533,Kolkata,Tamil Nadu,3.92,2022-05-29
3534,Seller_03534,Jaipur,Manipur,4.1,2022-06-20
3535,Seller_03535,Imphal,Maharashtra,4.05,2025-05-20
3536,Seller_03536,Mumbai,Assam,4.08,2020-03-24
3537,Seller_03537,Hyderabad,Tamil Nadu,3.89,2024-11-29
3538,Seller_03538,Imphal,Telangana,3.82,2023-01-12
3539,Seller_03539,Kolkata,Maharashtra,3.78,2022-12-30
3540,Seller_03540,Chennai,Karnataka,3.72,2025-01-09
3541,Seller_03541,Mumbai,Manipur,4.58,2022-03-30
3542,Seller_03542,Hyderabad,Manipur,4.61,2022-06-21
3543,Seller_03543,Kolkata,Tamil Nadu,3.69,2023-12-29
3544,Seller_03544,Delhi,West Bengal,4.32,2022-10-04
3545,Seller_03545,Jaipur,Manipur,4.02,2025-07-18
3546,Seller_03546,Bengaluru,Karnataka,3.58,2024-06-09
3547,Seller_03547,Pune,Assam,3.39,2020-04-03
3548,Seller_03548,Delhi,West Bengal,4.25,2020-08-05
3549,Seller_03549,Delhi,Manipur,4.33,2020-03-30
3550,Seller_03550,Guwahati,Rajasthan,4.33,2025-04-11
3551,Seller_03551,Delhi,Manipur,4.66,2023-01-01
3552,Seller_03552,Pune,Maharashtra,4.62,2022-07-01
3553,Seller_03553,Delhi,Manipur,4.66,2020-05-27
3554,Seller_03554,Jaipur,West Bengal,4.41,2020-03-06
3555,Seller_03555,Guwahati,Telangana,3.61,2020-03-01
3556,Seller_03556,Chennai,Rajasthan,3.73,2023-03-15
3557,Seller_03557,Hyderabad,Karnataka,3.64,2025-05-22
3558,Seller_03558,Delhi,Maharashtra,4.12,2021-10-08
3559,Seller_03559,Delhi,Manipur,3.95,2023-12-04
3560,Seller_03560,Pune,Assam,4.87,2021-06-05
3561,Seller_03561,Guwahati,Assam,4.59,2023-09-06
3562,Seller_03562,Hyderabad,Delhi,3.56,2022-04-05
3563,Seller_03563,Pune,Maharashtra,3.93,2024-08-23
3564,Seller_03564,Jaipur,Maharashtra,3.73,2022-12-04
3565,Seller_03565,Delhi,Tamil Nadu,4.41,2023-02-20
3566,Seller_03566,Pune,West Bengal,3.06,2025-02-09
3567,Seller_03567,Hyderabad,Delhi,4.01,2020-04-14
3568,Seller_03568,Bengaluru,West Bengal,4.48,2020-09-01
3569,Seller_03569,Kolkata,Tamil Nadu,3.49,2022-12-19
3570,Seller_03570,Mumbai,Delhi,3.84,2023-10-30
3571,Seller_03571,Imphal,Manipur,3.54,2024-10-15
3572,Seller_03572,Imphal,West Bengal,3.0,2020-04-15
3573,Seller_03573,Bengaluru,Manipur,4.27,2020-02-16
3574,Seller_03574,Bengaluru,Karnataka,4.06,2020-06-30
3575,Seller_03575,Pune,Maharashtra,4.47,2022-02-08
3576,Seller_03576,Chennai,West Bengal,3.83,2023-04-01
3577,Seller_03577,Hyderabad,West Bengal,3.9,2021-09-09
3578,Seller_03578,Kolkata,Telangana,4.85,2023-10-19
3579,Seller_03579,Mumbai,Tamil Nadu,4.55,2021-07-22
3580,Seller_03580,Chennai,Maharashtra,4.24,2020-09-24
3581,Seller_03581,Guwahati,Manipur,4.33,2023-07-24
3582,Seller_03582,Mumbai,Tamil Nadu,3.54,2021-10-08
3583,Seller_03583,Bengaluru,Manipur,3.51,2023-12-22
3584,Seller_03584,Bengaluru,West Bengal,4.33,2023-11-25
3585,Seller_03585,Imphal,Telangana,4.79,2020-06-25
3586,Seller_03586,Bengaluru,Telangana,4.26,2021-06-07
3587,Seller_03587,Kolkata,Manipur,2.86,2020-01-06
3588,Seller_03588,Pune,Maharashtra,3.93,2023-07-13
3589,Seller_03589,Jaipur,West Bengal,4.25,2025-08-09
3590,Seller_03590,Guwahati,Delhi,2.85,2023-09-10
3591,Seller_03591,Chennai,Manipur,3.8,2025-09-21
3592,Seller_03592,Hyderabad,West Bengal,3.88,2021-10-19
3593,Seller_03593,Chennai,Maharashtra,3.01,2024-03-03
3594,Seller_03594,Guwahati,Tamil Nadu,4.09,2025-09-27
3595,Seller_03595,Delhi,Rajasthan,4.12,2020-02-01
3596,Seller_03596,Bengaluru,Assam,3.21,2022-11-03
3597,Seller_03597,Jaipur,Assam,3.67,2020-12-29
3598,Seller_03598,Kolkata,Delhi,4.85,2020-08-03
3599,Seller_03599,Guwahati,Assam,4.45,2023-06-29
3600,Seller_03600,Chennai,Rajasthan,4.07,2025-03-13
3601,Seller_03601,Kolkata,Manipur,3.73,2024-01-08
3602,Seller_03602,Pune,Telangana,3.86,2023-10-16
3603,Seller_03603,Delhi,Tamil Nadu,4.38,2023-07-15
3604,Seller_03604,Pune,Telangana,4.09,2023-09-12
3605,Seller_03605,Bengaluru,Rajasthan,4.05,2022-02-24
3606,Seller_03606,Delhi,Karnataka,4.11,2021-07-20
3607,Seller_03607,Imphal,Rajasthan,3.82,2024-05-14
3608,Seller_03608,Pune,Manipur,3.58,2022-01-15
3609,Seller_03609,Mumbai,Karnataka,5.0,2020-04-17
3610,Seller_03610,Bengaluru,Manipur,4.34,2021-02-10
3611,Seller_03611,Guwahati,Delhi,4.28,2023-08-10
3612,Seller_03612,Imphal,Assam,3.14,2022-05-29
3613,Seller_03613,Mumbai,Manipur,3.58,2020-03-04
3614,Seller_03614,Bengaluru,Rajasthan,3.74,2025-11-26
3615,Seller_03615,Guwahati,Delhi,4.48,2021-04-29
3616,Seller_03616,Pune,Manipur,3.83,2020-03-26
3617,Seller_03617,Kolkata,Tamil Nadu,4.6,2024-04-22
3618,Seller_03618,Pune,West Bengal,4.24,2024-06-03
3619,Seller_03619,Kolkata,Maharashtra,4.28,2025-05-18
3620,Seller_03620,Chennai,Rajasthan,4.98,2021-11-07
3621,Seller_03621,Pune,Telangana,3.61,2023-05-03
3622,Seller_03622,Bengaluru,Karnataka,2.32,2021-03-22
3623,Seller_03623,Jaipur,Telangana,3.42,2024-01-16
3624,Seller_03624,Imphal,Maharashtra,3.79,2020-04-16
3625,Seller_03625,Delhi,Telangana,4.54,2020-10-05
3626,Seller_03626,Mumbai,West Bengal,3.86,2022-10-16
3627,Seller_03627,Kolkata,Tamil Nadu,3.7,2025-09-27
3628,Seller_03628,Kolkata,Tamil Nadu,3.78,2022-09-06
3629,Seller_03629,Mumbai,Telangana,3.75,2025-03-24
3630,Seller_03630,Jaipur,Manipur,4.21,2025-01-24
3631,Seller_03631,Pune,Assam,4.33,2024-10-07
3632,Seller_03632,Kolkata,Karnataka,3.9,2021-10-12
3633,Seller_03633,Chennai,Telangana,3.91,2023-05-18
3634,Seller_03634,Hyderabad,Manipur,4.04,2024-04-27
3635,Seller_03635,Guwahati,Delhi,4.57,2023-06-21
3636,Seller_03636,Chennai,Rajasthan,3.9,2024-05-10
3637,Seller_03637,Guwahati,Telangana,4.48,2025-06-17
3638,Seller_03638,Kolkata,West Bengal,5.0,2023-04-16
3639,Seller_03639,Chennai,Assam,4.23,2025-10-06
3640,Seller_03640,Jaipur,West Bengal,5.0,2023-06-21
3641,Seller_03641,Chennai,Assam,4.23,2023-03-08
3642,Seller_03642,Bengaluru,Maharashtra,2.77,2022-03-04
3643,Seller_03643,Chennai,Manipur,3.85,2020-01-07
3644,Seller_03644,Mumbai,Karnataka,3.59,2022-06-28
3645,Seller_03645,Hyderabad,Assam,4.32,2024-12-29
3646,Seller_03646,Kolkata,Tamil Nadu,4.26,2021-04-17
3647,Seller_03647,Imphal,Tamil Nadu,3.98,2023-06-16
3648,Seller_03648,Mumbai,Rajasthan,4.28,2023-12-06
3649,Seller_03649,Bengaluru,West Bengal,3.94,2023-06-08
3650,Seller_03650,Hyderabad,Karnataka,4.7,2020-06-06
3651,Seller_03651,Chennai,Karnataka,4.32,2022-09-17
3652,Seller_03652,Jaipur,Assam,3.73,2021-11-13
3653,Seller_03653,Delhi,Maharashtra,3.21,2023-08-12
3654,Seller_03654,Mumbai,West Bengal,3.88,2020-09-18
3655,Seller_03655,Pune,Manipur,3.33,2022-10-16
3656,Seller_03656,Imphal,Telangana,4.64,2020-10-09
3657,Seller_03657,Mumbai,Rajasthan,4.25,2025-04-24
3658,Seller_03658,Bengaluru,Rajasthan,4.69,2025-09-24
3659,Seller_03659,Mumbai,West Bengal,4.93,2025-03-26
3660,Seller_03660,Pune,Manipur,4.19,2024-03-01
3661,Seller_03661,Bengaluru,Karnataka,3.8,2023-11-12
3662,Seller_03662,Guwahati,Telangana,4.21,2023-02-28
3663,Seller_03663,Bengaluru,Assam,4.0,2023-10-18
3664,Seller_03664,Pune,Karnataka,3.35,2020-10-18
3665,Seller_03665,Bengaluru,Tamil Nadu,4.25,2025-06-18
3666,Seller_03666,Imphal,Maharashtra,4.1,2020-01-16
3667,Seller_03667,Delhi,Karnataka,3.41,2023-11-28
3668,Seller_03668,Guwahati,Manipur,4.3,2025-03-20
3669,Seller_03669,Pune,Karnataka,4.29,2022-01-16
3670,Seller_03670,Imphal,Karnataka,3.19,2022-02-18
3671,Seller_03671,Delhi,Telangana,4.04,2022-10-30
3672,Seller_03672,Guwahati,Rajasthan,4.2,2023-08-01
3673,Seller_03673,Pune,Assam,3.28,2024-01-14
3674,Seller_03674,Hyderabad,Maharashtra,5.0,2022-03-12
3675,Seller_03675,Hyderabad,Karnataka,4.14,2020-01-20
3676,Seller_03676,Guwahati,Rajasthan,3.68,2022-01-24
3677,Seller_03677,Imphal,Karnataka,4.85,2021-11-07
3678,Seller_03678,Jaipur,Rajasthan,4.06,2025-07-26
3679,Seller_03679,Kolkata,Karnataka,3.95,2022-10-21
3680,Seller_03680,Pune,Maharashtra,4.52,2024-07-25
3681,Seller_03681,Hyderabad,Karnataka,3.58,2024-07-18
3682,Seller_03682,Mumbai,Manipur,4.62,2023-09-13
3683,Seller_03683,Bengaluru,Assam,2.86,2025-06-29
3684,Seller_03684,Mumbai,Rajasthan,3.82,2020-01-25
3685,Seller_03685,Mumbai,Rajasthan,4.04,2024-09-26
3686,Seller_03686,Jaipur,Telangana,3.89,2023-03-19
3687,Seller_03687,Chennai,Telangana,3.39,2024-04-20
3688,Seller_03688,Guwahati,Assam,4.56,2022-06-19
3689,Seller_03689,Kolkata,Maharashtra,4.15,2021-01-27
3690,Seller_03690,Chennai,Tamil Nadu,3.98,2022-07-02
3691,Seller_03691,Mumbai,Delhi,4.16,2024-04-07
3692,Seller_03692,Pune,Maharashtra,4.25,2020-06-11
3693,Seller_03693,Pune,Maharashtra,3.79,2022-11-16
3694,Seller_03694,Delhi,Maharashtra,4.9,2021-09-27
3695,Seller_03695,Guwahati,Maharashtra,3.62,2025-11-22
3696,Seller_03696,Delhi,Tamil Nadu,3.79,2025-09-24
3697,Seller_03697,Guwahati,Rajasthan,3.87,2020-12-06
3698,Seller_03698,Delhi,Manipur,4.53,2021-10-24
3699,Seller_03699,Hyderabad,Manipur,4.32,2023-03-01
3700,Seller_03700,Chennai,Telangana,4.06,2025-04-14
3701,Seller_03701,Jaipur,Tamil Nadu,4.77,2021-02-12
3702,Seller_03702,Guwahati,Tamil Nadu,4.38,2025-01-18
3703,Seller_03703,Guwahati,Assam,4.74,2021-11-04
3704,Seller_03704,Delhi,Manipur,4.87,2023-06-01
3705,Seller_03705,Jaipur,Manipur,4.55,2022-01-07
3706,Seller_03706,Mumbai,Telangana,3.57,2024-08-24
3707,Seller_03707,Mumbai,Manipur,4.35,2024-02-05
3708,Seller_03708,Hyderabad,Delhi,4.6,2020-02-20
3709,Seller_03709,Chennai,Telangana,4.02,2024-05-02
3710,Seller_03710,Delhi,West Bengal,3.92,2020-01-20
3711,Seller_03711,Guwahati,Delhi,4.29,2021-09-05
3712,Seller_03712,Jaipur,Manipur,3.58,2021-07-15
3713,Seller_03713,Pune,Maharashtra,4.8,2025-06-23
3714,Seller_03714,Mumbai,Tamil Nadu,3.15,2020-04-01
3715,Seller_03715,Imphal,Tamil Nadu,3.93,2025-07-24
3716,Seller_03716,Bengaluru,Assam,4.13,2022-04-08
3717,Seller_03717,Delhi,Manipur,4.93,2025-10-25
3718,Seller_03718,Pune,West Bengal,4.51,2020-09-19
3719,Seller_03719,Jaipur,Karnataka,4.09,2022-12-17
3720,Seller_03720,Jaipur,Karnataka,4.36,2024-06-29
3721,Seller_03721,Kolkata,Rajasthan,3.95,2020-01-18
3722,Seller_03722,Imphal,Maharashtra,3.45,2021-11-18
3723,Seller_03723,Hyderabad,Assam,3.88,2025-09-09
3724,Seller_03724,Jaipur,Rajasthan,3.88,2024-12-27
3725,Seller_03725,Hyderabad,Telangana,4.11,2020-01-12
3726,Seller_03726,Hyderabad,Delhi,4.02,2020-12-08
3727,Seller_03727,Chennai,Assam,4.15,2023-12-25
3728,Seller_03728,Guwahati,Manipur,3.81,2021-05-16
3729,Seller_03729,Pune,Delhi,2.87,2020-11-14
3730,Seller_03730,Imphal,Delhi,3.54,2023-07-20
3731,Seller_03731,Jaipur,Manipur,4.52,2020-07-16
3732,Seller_03732,Delhi,Assam,3.8,2023-08-05
3733,Seller_03733,Imphal,Manipur,4.72,2020-12-14
3734,Seller_03734,Imphal,Telangana,3.96,2022-03-18
3735,Seller_03735,Guwahati,Karnataka,3.93,2024-02-11
3736,Seller_03736,Guwahati,Telangana,3.15,2023-08-27
3737,Seller_03737,Jaipur,Tamil Nadu,4.26,2022-07-15
3738,Seller_03738,Pune,Telangana,4.64,2024-08-08
3739,Seller_03739,Kolkata,Delhi,4.69,2022-12-09
3740,Seller_03740,Jaipur,Karnataka,4.59,2022-07-17
3741,Seller_03741,Kolkata,Telangana,4.17,2024-07-11
3742,Seller_03742,Jaipur,Assam,3.93,2021-05-28
3743,Seller_03743,Kolkata,Manipur,5.0,2022-04-02
3744,Seller_03744,Chennai,Delhi,3.13,2023-06-18
3745,Seller_03745,Pune,West Bengal,3.64,2024-08-27
3746,Seller_03746,Delhi,Manipur,3.85,2024-02-01
3747,Seller_03747,Hyderabad,Tamil Nadu,4.13,2025-04-28
3748,Seller_03748,Jaipur,Assam,4.31,2023-08-02
3749,Seller_03749,Hyderabad,Rajasthan,4.45,2023-08-26
3750,Seller_03750,Mumbai,West Bengal,3.61,2023-01-16
3751,Seller_03751,Kolkata,Manipur,3.95,2025-08-14
3752,Seller_03752,Hyderabad,Delhi,3.85,2024-04-02
3753,Seller_03753,Jaipur,Rajasthan,4.23,2023-09-01
3754,Seller_03754,Chennai,West Bengal,4.57,2023-11-21
3755,Seller_03755,Pune,Delhi,3.82,2022-08-04
3756,Seller_03756,Bengaluru,Telangana,4.2,2021-07-02
3757,Seller_03757,Guwahati,Telangana,4.5,2022-11-16
3758,Seller_03758,Mumbai,Rajasthan,4.24,2025-07-26
3759,Seller_03759,Hyderabad,Assam,4.97,2020-10-31
3760,Seller_03760,Imphal,Telangana,3.9,2025-04-15
3761,Seller_03761,Delhi,Assam,3.63,2022-07-31
3762,Seller_03762,Jaipur,Telangana,3.9,2022-11-06
3763,Seller_03763,Kolkata,Delhi,3.98,2020-04-28
3764,Seller_03764,Jaipur,Delhi,4.52,2021-02-13
3765,Seller_03765,Jaipur,Manipur,4.22,2020-02-10
3766,Seller_03766,Delhi,Delhi,3.77,2025-02-11
3767,Seller_03767,Chennai,Telangana,4.08,2021-06-14
3768,Seller_03768,Guwahati,Telangana,3.55,2021-04-18
3769,Seller_03769,Kolkata,Delhi,3.27,2023-11-14
3770,Seller_03770,Kolkata,Karnataka,4.16,2023-02-19
3771,Seller_03771,Imphal,Karnataka,5.0,2025-11-04
3772,Seller_03772,Guwahati,Telangana,3.89,2021-04-14
3773,Seller_03773,Hyderabad,West Bengal,3.37,2024-12-07
3774,Seller_03774,Mumbai,Telangana,4.31,2024-01-03
3775,Seller_03775,Guwahati,Karnataka,3.65,2022-09-15
3776,Seller_03776,Kolkata,West Bengal,3.72,2023-11-10
3777,Seller_03777,Chennai,Maharashtra,3.71,2020-05-05
3778,Seller_03778,Hyderabad,Telangana,4.1,2022-12-05
3779,Seller_03779,Delhi,Maharashtra,4.14,2021-05-30
3780,Seller_03780,Imphal,Tamil Nadu,3.96,2021-03-22
3781,Seller_03781,Jaipur,Delhi,3.13,2025-10-18
3782,Seller_03782,Hyderabad,Rajasthan,4.15,2021-12-10
3783,Seller_03783,Guwahati,Tamil Nadu,5.0,2020-07-06
3784,Seller_03784,Mumbai,West Bengal,3.69,2020-03-15
3785,Seller_03785,Guwahati,Rajasthan,3.36,2020-02-29
3786,Seller_03786,Delhi,Maharashtra,3.76,2024-08-13
3787,Seller_03787,Chennai,Tamil Nadu,3.71,2023-08-02
3788,Seller_03788,Jaipur,Telangana,3.78,2024-04-06
3789,Seller_03789,Pune,Delhi,5.0,2024-05-16
3790,Seller_03790,Imphal,Maharashtra,4.8,2023-10-03
3791,Seller_03791,Chennai,Rajasthan,3.89,2023-03-02
3792,Seller_03792,Imphal,West Bengal,4.37,2022-06-14
3793,Seller_03793,Delhi,Tamil Nadu,5.0,2023-09-02
3794,Seller_03794,Kolkata,Rajasthan,4.14,2024-06-20
3795,Seller_03795,Jaipur,Delhi,3.58,2023-07-01
3796,Seller_03796,Mumbai,West Bengal,4.41,2024-08-14
3797,Seller_03797,Mumbai,Rajasthan,4.39,2022-03-09
3798,Seller_03798,Hyderabad,Maharashtra,4.81,2022-06-07
3799,Seller_03799,Delhi,Maharashtra,3.34,2023-03-19
3800,Seller_03800,Kolkata,Assam,4.09,2020-02-07
3801,Seller_03801,Delhi,Assam,3.94,2020-05-05
3802,Seller_03802,Jaipur,Maharashtra,3.57,2023-11-09
3803,Seller_03803,Mumbai,Delhi,3.8,2023-04-16
3804,Seller_03804,Pune,Tamil Nadu,4.0,2022-04-20
3805,Seller_03805,Hyderabad,Manipur,3.19,2022-09-19
3806,Seller_03806,Hyderabad,Telangana,3.79,2024-03-28
3807,Seller_03807,Chennai,Manipur,3.79,2023-08-08
3808,Seller_03808,Mumbai,Telangana,4.56,2024-09-27
3809,Seller_03809,Imphal,West Bengal,3.56,2025-07-28
3810,Seller_03810,Guwahati,Tamil Nadu,4.17,2025-07-26
3811,Seller_03811,Delhi,Karnataka,4.28,2021-06-21
3812,Seller_03812,Delhi,Telangana,4.07,2022-01-27
3813,Seller_03813,Kolkata,West Bengal,4.55,2020-10-23
3814,Seller_03814,Kolkata,Karnataka,4.26,2025-06-19
3815,Seller_03815,Guwahati,Karnataka,4.07,2021-01-27
3816,Seller_03816,Delhi,Karnataka,3.61,2022-08-27
3817,Seller_03817,Mumbai,Manipur,3.26,2020-09-07
3818,Seller_03818,Bengaluru,Delhi,3.41,2022-08-31
3819,Seller_03819,Bengaluru,Delhi,3.49,2022-07-13
3820,Seller_03820,Imphal,Telangana,4.26,2022-12-02
3821,Seller_03821,Mumbai,Maharashtra,4.98,2021-08-03
3822,Seller_03822,Pune,Manipur,3.5,2021-06-26
3823,Seller_03823,Delhi,Telangana,4.41,2023-07-05
3824,Seller_03824,Bengaluru,Rajasthan,3.82,2022-06-04
3825,Seller_03825,Mumbai,Assam,3.98,2021-02-25
3826,Seller_03826,Jaipur,Karnataka,4.71,2021-04-01
3827,Seller_03827,Hyderabad,Karnataka,4.24,2024-06-03
3828,Seller_03828,Mumbai,Karnataka,4.34,2021-07-18
3829,Seller_03829,Imphal,West Bengal,4.29,2024-11-24
3830,Seller_03830,Guwahati,Telangana,3.7,2024-03-09
3831,Seller_03831,Imphal,Delhi,4.54,2020-11-25
3832,Seller_03832,Guwahati,Tamil Nadu,3.61,2025-05-05
3833,Seller_03833,Bengaluru,Assam,3.99,2021-12-27
3834,Seller_03834,Guwahati,Karnataka,3.84,2024-06-11
3835,Seller_03835,Guwahati,Manipur,4.16,2025-07-06
3836,Seller_03836,Hyderabad,Rajasthan,4.31,2024-04-27
3837,Seller_03837,Guwahati,Rajasthan,3.91,2021-05-08
3838,Seller_03838,Jaipur,Manipur,4.11,2023-10-26
3839,Seller_03839,Hyderabad,Karnataka,3.93,2025-03-18
3840,Seller_03840,Kolkata,Karnataka,4.17,2025-06-20
3841,Seller_03841,Pune,Delhi,4.25,2023-06-06
3842,Seller_03842,Chennai,Maharashtra,4.36,2023-01-30
3843,Seller_03843,Bengaluru,Manipur,3.92,2023-02-15
3844,Seller_03844,Chennai,Delhi,4.55,2022-06-16
3845,Seller_03845,Hyderabad,Manipur,4.12,2021-11-15
3846,Seller_03846,Bengaluru,Manipur,4.44,2020-09-11
3847,Seller_03847,Hyderabad,Delhi,4.93,2022-02-05
3848,Seller_03848,Bengaluru,Karnataka,3.67,2021-09-17
3849,Seller_03849,Kolkata,Rajasthan,4.57,2024-02-26
3850,Seller_03850,Hyderabad,Assam,4.05,2022-07-30
3851,Seller_03851,Guwahati,Delhi,3.85,2024-08-08
3852,Seller_03852,Imphal,West Bengal,4.49,2023-03-31
3853,Seller_03853,Jaipur,Assam,3.97,2025-05-29
3854,Seller_03854,Jaipur,Tamil Nadu,3.86,2021-05-22
3855,Seller_03855,Imphal,Rajasthan,3.94,2022-05-10
3856,Seller_03856,Jaipur,Telangana,4.33,2025-10-15
3857,Seller_03857,Pune,Telangana,4.33,2020-05-23
3858,Seller_03858,Imphal,Karnataka,4.98,2022-01-21
3859,Seller_03859,Kolkata,Tamil Nadu,4.9,2025-12-10
3860,Seller_03860,Mumbai,West Bengal,4.29,2024-08-13
3861,Seller_03861,Hyderabad,Telangana,4.7,2020-03-28
3862,Seller_03862,Jaipur,Tamil Nadu,4.74,2025-02-21
3863,Seller_03863,Chennai,Telangana,3.55,2024-11-11
3864,Seller_03864,Mumbai,Maharashtra,3.28,2022-09-01
3865,Seller_03865,Imphal,Karnataka,4.47,2021-01-15
3866,Seller_03866,Pune,Delhi,3.27,2024-07-11
3867,Seller_03867,Mumbai,West Bengal,4.56,2022-08-06
3868,Seller_03868,Pune,West Bengal,4.61,2021-05-16
3869,Seller_03869,Jaipur,Delhi,4.51,2024-03-21
3870,Seller_03870,Pune,West Bengal,4.05,2022-03-15
3871,Seller_03871,Chennai,Assam,3.41,2025-03-28
3872,Seller_03872,Guwahati,Tamil Nadu,4.3,2021-08-28
3873,Seller_03873,Mumbai,Rajasthan,3.55,2024-07-03
3874,Seller_03874,Imphal,Maharashtra,3.61,2022-12-24
3875,Seller_03875,Hyderabad,Manipur,5.0,2025-04-08
3876,Seller_03876,Jaipur,Rajasthan,4.13,2025-11-06
3877,Seller_03877,Chennai,Tamil Nadu,3.82,2020-10-04
3878,Seller_03878,Mumbai,Manipur,4.82,2020-05-11
3879,Seller_03879,Delhi,West Bengal,3.49,2023-12-06
3880,Seller_03880,Mumbai,Manipur,4.3,2022-01-26
3881,Seller_03881,Pune,Assam,4.49,2025-09-26
3882,Seller_03882,Chennai,Karnataka,4.33,2022-09-15
3883,Seller_03883,Bengaluru,Karnataka,4.33,2022-01-04
3884,Seller_03884,Delhi,Telangana,3.64,2025-03-01
3885,Seller_03885,Chennai,Maharashtra,4.16,2024-07-12
3886,Seller_03886,Hyderabad,Delhi,3.82,2020-05-26
3887,Seller_03887,Chennai,Tamil Nadu,4.23,2024-08-11
3888,Seller_03888,Pune,Manipur,3.71,2024-01-21
3889,Seller_03889,Delhi,Karnataka,4.81,2023-02-10
3890,Seller_03890,Chennai,West Bengal,4.86,2021-12-13
3891,Seller_03891,Pune,Delhi,4.74,2025-07-04
3892,Seller_03892,Bengaluru,Assam,3.67,2023-07-19
3893,Seller_03893,Hyderabad,Assam,3.81,2024-06-20
3894,Seller_03894,Chennai,Manipur,3.32,2022-02-02
3895,Seller_03895,Pune,Maharashtra,4.28,2025-09-08
3896,Seller_03896,Delhi,Delhi,4.72,2020-05-26
3897,Seller_03897,Delhi,Rajasthan,3.33,2023-06-11
3898,Seller_03898,Kolkata,Delhi,4.43,2025-01-05
3899,Seller_03899,Kolkata,Rajasthan,4.28,2021-03-26
3900,Seller_03900,Imphal,Karnataka,3.9,2024-10-22
3901,Seller_03901,Guwahati,Telangana,3.77,2022-03-07
3902,Seller_03902,Jaipur,Maharashtra,4.49,2024-02-20
3903,Seller_03903,Imphal,Maharashtra,3.3,2023-11-17
3904,Seller_03904,Mumbai,Rajasthan,3.82,2023-10-08
3905,Seller_03905,Kolkata,Assam,3.8,2025-05-22
3906,Seller_03906,Chennai,Telangana,3.65,2022-04-10
3907,Seller_03907,Imphal,Karnataka,3.15,2024-10-17
3908,Seller_03908,Mumbai,Assam,3.92,2022-06-28
3909,Seller_03909,Hyderabad,Rajasthan,4.41,2023-02-04
3910,Seller_03910,Chennai,West Bengal,4.01,2023-09-27
3911,Seller_03911,Mumbai,Delhi,4.18,2024-11-20
3912,Seller_03912,Guwahati,Manipur,4.04,2020-09-27
3913,Seller_03913,Imphal,Maharashtra,4.6,2022-12-23
3914,Seller_03914,Mumbai,Assam,3.39,2024-05-28
3915,Seller_03915,Bengaluru,Assam,3.69,2021-12-07
3916,Seller_03916,Chennai,Manipur,4.39,2020-06-21
3917,Seller_03917,Pune,Telangana,4.01,2020-11-25
3918,Seller_03918,Hyderabad,West Bengal,4.06,2020-12-31
3919,Seller_03919,Hyderabad,Assam,4.21,2024-02-16
3920,Seller_03920,Jaipur,Telangana,4.02,2025-02-02
3921,Seller_03921,Mumbai,Assam,3.62,2024-10-01
3922,Seller_03922,Kolkata,Karnataka,3.88,2022-04-20
3923,Seller_03923,Jaipur,Maharashtra,3.97,2021-12-12
3924,Seller_03924,Kolkata,Manipur,3.98,2023-11-20
3925,Seller_03925,Bengaluru,Rajasthan,4.36,2023-06-30
3926,Seller_03926,Pune,Karnataka,4.11,2024-02-26
3927,Seller_03927,Mumbai,Delhi,3.67,2025-05-04
3928,Seller_03928,Kolkata,Telangana,4.79,2020-10-13
3929,Seller_03929,Imphal,Karnataka,4.66,2023-03-09
3930,Seller_03930,Kolkata,Tamil Nadu,4.0,2025-08-29
3931,Seller_03931,Delhi,Karnataka,4.21,2025-12-28
3932,Seller_03932,Imphal,West Bengal,4.0,2024-08-15
3933,Seller_03933,Imphal,Maharashtra,4.39,2025-11-12
3934,Seller_03934,Jaipur,Tamil Nadu,4.46,2023-01-30
3935,Seller_03935,Imphal,Telangana,3.81,2023-12-23
3936,Seller_03936,Hyderabad,Karnataka,3.89,2020-09-11
3937,Seller_03937,Pune,Delhi,4.1,2020-06-11
3938,Seller_03938,Kolkata,Maharashtra,3.61,2022-09-28
3939,Seller_03939,Guwahati,Assam,4.3,2020-05-22
3940,Seller_03940,Guwahati,Rajasthan,4.15,2025-05-21
3941,Seller_03941,Mumbai,Karnataka,3.47,2025-08-24
3942,Seller_03942,Hyderabad,Rajasthan,3.97,2025-10-07
3943,Seller_03943,Mumbai,Rajasthan,3.75,2025-02-25
3944,Seller_03944,Guwahati,Tamil Nadu,3.9,2023-06-19
3945,Seller_03945,Delhi,Delhi,3.76,2020-12-28
3946,Seller_03946,Delhi,Tamil Nadu,4.16,2020-03-18
3947,Seller_03947,Delhi,Karnataka,3.94,2020-02-16
3948,Seller_03948,Chennai,Maharashtra,4.38,2025-03-17
3949,Seller_03949,Imphal,West Bengal,4.29,2020-02-23
3950,Seller_03950,Imphal,Assam,4.48,2021-11-23
3951,Seller_03951,Bengaluru,Manipur,4.54,2023-09-09
3952,Seller_03952,Bengaluru,Rajasthan,3.84,2020-08-31
3953,Seller_03953,Jaipur,Manipur,4.25,2020-08-04
3954,Seller_03954,Hyderabad,Assam,4.27,2022-04-09
3955,Seller_03955,Chennai,Maharashtra,4.22,2023-04-06
3956,Seller_03956,Delhi,Assam,4.62,2022-02-16
3957,Seller_03957,Jaipur,Karnataka,3.85,2024-02-18
3958,Seller_03958,Mumbai,Rajasthan,4.17,2022-05-29
3959,Seller_03959,Pune,Delhi,4.1,2025-08-25
3960,Seller_03960,Jaipur,Karnataka,4.28,2021-05-31
3961,Seller_03961,Guwahati,Telangana,3.84,2022-03-13
3962,Seller_03962,Pune,Delhi,4.67,2020-09-26
3963,Seller_03963,Imphal,Tamil Nadu,4.7,2021-07-24
3964,Seller_03964,Imphal,Assam,3.96,2023-02-10
3965,Seller_03965,Bengaluru,Tamil Nadu,4.27,2020-09-01
3966,Seller_03966,Mumbai,Delhi,4.56,2024-06-14
3967,Seller_03967,Mumbai,Karnataka,4.23,2020-09-24
3968,Seller_03968,Chennai,Manipur,3.37,2022-11-14
3969,Seller_03969,Pune,West Bengal,4.06,2021-10-22
3970,Seller_03970,Mumbai,Maharashtra,4.47,2020-10-31
3971,Seller_03971,Delhi,Assam,3.98,2025-08-14
3972,Seller_03972,Pune,Delhi,3.91,2024-10-11
3973,Seller_03973,Bengaluru,Tamil Nadu,4.81,2025-04-18
3974,Seller_03974,Delhi,Delhi,3.41,2021-08-19
3975,Seller_03975,Bengaluru,Telangana,3.75,2020-04-21
3976,Seller_03976,Hyderabad,Manipur,3.6,2023-03-03
3977,Seller_03977,Kolkata,Delhi,3.87,2024-09-11
3978,Seller_03978,Guwahati,Delhi,4.09,2022-03-25
3979,Seller_03979,Bengaluru,Manipur,4.88,2022-08-23
3980,Seller_03980,Delhi,Tamil Nadu,2.75,2025-07-13
3981,Seller_03981,Delhi,Assam,5.0,2020-01-19
3982,Seller_03982,Guwahati,Tamil Nadu,3.67,2025-04-28
3983,Seller_03983,Kolkata,Karnataka,4.88,2023-10-30
3984,Seller_03984,Bengaluru,West Bengal,4.19,2023-03-19
3985,Seller_03985,Bengaluru,Manipur,3.8,2024-02-01
3986,Seller_03986,Kolkata,Telangana,3.53,2023-10-01
3987,Seller_03987,Hyderabad,Delhi,4.1,2022-05-22
3988,Seller_03988,Jaipur,Delhi,4.07,2022-02-11
3989,Seller_03989,Jaipur,Assam,3.63,2024-06-30
3990,Seller_03990,Imphal,West Bengal,3.83,2021-09-23
3991,Seller_03991,Bengaluru,Assam,3.91,2022-05-09
3992,Seller_03992,Delhi,Assam,3.89,2022-09-18
3993,Seller_03993,Guwahati,Karnataka,4.36,2024-11-29
3994,Seller_03994,Delhi,Karnataka,4.23,2021-05-16
3995,Seller_03995,Guwahati,Assam,3.03,2024-07-12
3996,Seller_03996,Imphal,Telangana,4.02,2020-05-07
3997,Seller_03997,Pune,Manipur,4.36,2021-09-01
3998,Seller_03998,Chennai,Maharashtra,3.77,2020-05-19
3999,Seller_03999,Imphal,Tamil Nadu,4.34,2020-12-25
4000,Seller_04000,Chennai,Delhi,3.38,2020-10-23
4001,Seller_04001,Guwahati,Delhi,4.63,2023-02-07
4002,Seller_04002,Jaipur,Maharashtra,4.09,2023-01-08
4003,Seller_04003,Hyderabad,Assam,4.02,2020-07-01
4004,Seller_04004,Jaipur,Delhi,4.47,2023-07-22
4005,Seller_04005,Hyderabad,Maharashtra,3.97,2023-03-21
4006,Seller_04006,Chennai,Delhi,3.88,2023-01-24
4007,Seller_04007,Bengaluru,Assam,4.05,2021-05-19
4008,Seller_04008,Jaipur,Telangana,4.86,2020-09-27
4009,Seller_04009,Chennai,Tamil Nadu,4.03,2021-07-28
4010,Seller_04010,Jaipur,Maharashtra,4.34,2024-04-04
4011,Seller_04011,Chennai,Karnataka,4.62,2021-10-08
4012,Seller_04012,Mumbai,Manipur,4.38,2024-01-18
4013,Seller_04013,Delhi,Delhi,3.71,2025-03-23
4014,Seller_04014,Kolkata,Telangana,2.72,2024-10-23
4015,Seller_04015,Delhi,Maharashtra,4.33,2024-03-04
4016,Seller_04016,Pune,Telangana,3.76,2022-02-04
4017,Seller_04017,Imphal,Telangana,4.35,2020-02-29
4018,Seller_04018,Bengaluru,Karnataka,4.35,2020-10-25
4019,Seller_04019,Hyderabad,Assam,4.22,2024-07-13
4020,Seller_04020,Pune,Manipur,4.6,2020-10-31
4021,Seller_04021,Guwahati,Rajasthan,3.46,2022-04-28
4022,Seller_04022,Bengaluru,Manipur,3.14,2023-01-12
4023,Seller_04023,Chennai,Manipur,4.0,2021-11-25
4024,Seller_04024,Guwahati,Delhi,3.01,2024-07-06
4025,Seller_04025,Mumbai,Rajasthan,3.97,2020-08-07
4026,Seller_04026,Hyderabad,West Bengal,4.1,2023-03-03
4027,Seller_04027,Jaipur,Delhi,4.15,2024-06-28
4028,Seller_04028,Mumbai,Karnataka,4.1,2021-04-23
4029,Seller_04029,Pune,Delhi,3.22,2025-03-09
4030,Seller_04030,Delhi,West Bengal,3.73,2021-08-09
4031,Seller_04031,Jaipur,Telangana,5.0,2022-09-23
4032,Seller_04032,Hyderabad,Maharashtra,4.32,2024-11-30
4033,Seller_04033,Delhi,Assam,4.22,2024-03-16
4034,Seller_04034,Kolkata,Manipur,4.39,2020-02-05
4035,Seller_04035,Bengaluru,Delhi,4.83,2021-12-13
4036,Seller_04036,Delhi,West Bengal,3.57,2022-01-28
4037,Seller_04037,Jaipur,Assam,4.1,2021-07-06
4038,Seller_04038,Kolkata,Manipur,4.43,2020-08-09
4039,Seller_04039,Guwahati,Tamil Nadu,3.32,2020-03-28
4040,Seller_04040,Bengaluru,Maharashtra,3.76,2025-03-31
4041,Seller_04041,Bengaluru,Karnataka,4.16,2023-02-05
4042,Seller_04042,Hyderabad,Delhi,3.64,2021-08-02
4043,Seller_04043,Kolkata,Rajasthan,3.94,2020-12-22
4044,Seller_04044,Bengaluru,Manipur,4.79,2020-03-17
4045,Seller_04045,Delhi,Maharashtra,4.65,2024-09-20
4046,Seller_04046,Kolkata,West Bengal,3.91,2025-04-15
4047,Seller_04047,Chennai,Rajasthan,4.03,2024-11-18
4048,Seller_04048,Mumbai,Assam,3.88,2025-04-01
4049,Seller_04049,Bengaluru,Manipur,4.03,2021-06-09
4050,Seller_04050,Delhi,Delhi,3.66,2022-04-20
4051,Seller_04051,Bengaluru,Karnataka,4.29,2025-09-02
4052,Seller_04052,Delhi,Maharashtra,4.52,2025-02-18
4053,Seller_04053,Pune,West Bengal,4.88,2023-04-29
4054,Seller_04054,Jaipur,West Bengal,4.42,2021-02-24
4055,Seller_04055,Imphal,Rajasthan,3.19,2023-04-14
4056,Seller_04056,Imphal,Maharashtra,3.42,2025-05-01
4057,Seller_04057,Imphal,Tamil Nadu,4.44,2023-02-23
4058,Seller_04058,Pune,Delhi,4.4,2025-05-05
4059,Seller_04059,Chennai,Assam,4.79,2024-01-20
4060,Seller_04060,Imphal,Tamil Nadu,3.84,2024-04-08
4061,Seller_04061,Chennai,Assam,4.2,2023-06-24
4062,Seller_04062,Pune,Rajasthan,4.04,2022-07-26
4063,Seller_04063,Jaipur,Manipur,4.97,2023-05-01
4064,Seller_04064,Kolkata,West Bengal,4.39,2024-01-11
4065,Seller_04065,Mumbai,Rajasthan,3.91,2025-12-24
4066,Seller_04066,Delhi,Telangana,3.93,2023-09-12
4067,Seller_04067,Mumbai,West Bengal,4.22,2025-10-31
4068,Seller_04068,Imphal,Maharashtra,4.14,2024-01-11
4069,Seller_04069,Imphal,Maharashtra,3.77,2020-10-22
4070,Seller_04070,Jaipur,Karnataka,4.15,2024-07-09
4071,Seller_04071,Kolkata,Tamil Nadu,3.98,2021-06-24
4072,Seller_04072,Pune,Manipur,3.33,2020-12-05
4073,Seller_04073,Jaipur,Assam,4.27,2023-12-21
4074,Seller_04074,Bengaluru,West Bengal,4.28,2022-09-18
4075,Seller_04075,Pune,Manipur,3.74,2020-08-02
4076,Seller_04076,Bengaluru,Delhi,4.32,2021-12-02
4077,Seller_04077,Mumbai,Assam,4.67,2023-03-02
4078,Seller_04078,Mumbai,Assam,3.94,2024-11-10
4079,Seller_04079,Pune,West Bengal,3.54,2023-03-27
4080,Seller_04080,Hyderabad,Rajasthan,4.06,2025-02-16
4081,Seller_04081,Guwahati,Assam,3.58,2020-12-29
4082,Seller_04082,Chennai,Assam,3.98,2023-12-24
4083,Seller_04083,Kolkata,Rajasthan,3.85,2023-12-15
4084,Seller_04084,Hyderabad,Rajasthan,3.39,2025-02-21
4085,Seller_04085,Delhi,Tamil Nadu,4.55,2024-10-08
4086,Seller_04086,Hyderabad,Assam,3.83,2022-08-27
4087,Seller_04087,Pune,West Bengal,2.43,2025-12-23
4088,Seller_04088,Chennai,Rajasthan,3.9,2024-10-14
4089,Seller_04089,Kolkata,Delhi,3.99,2022-04-26
4090,Seller_04090,Delhi,Manipur,4.06,2020-01-06
4091,Seller_04091,Jaipur,Assam,4.86,2024-07-09
4092,Seller_04092,Chennai,Telangana,3.67,2023-03-07
4093,Seller_04093,Chennai,Telangana,3.59,2023-05-22
4094,Seller_04094,Imphal,Maharashtra,4.13,2022-02-10
4095,Seller_04095,Chennai,Maharashtra,3.31,2021-04-18
4096,Seller_04096,Pune,Tamil Nadu,3.95,2022-05-25
4097,Seller_04097,Delhi,Rajasthan,4.15,2025-09-17
4098,Seller_04098,Imphal,Assam,4.2,2021-12-20
4099,Seller_04099,Hyderabad,Telangana,3.71,2024-02-09
4100,Seller_04100,Chennai,Delhi,4.23,2023-06-11
4101,Seller_04101,Imphal,Telangana,4.45,2020-09-26
4102,Seller_04102,Delhi,Rajasthan,4.14,2025-09-18
4103,Seller_04103,Jaipur,Delhi,3.89,2021-06-08
4104,Seller_04104,Mumbai,Tamil Nadu,3.92,2021-08-03
4105,Seller_04105,Hyderabad,Tamil Nadu,3.79,2023-01-02
4106,Seller_04106,Jaipur,Delhi,4.11,2024-01-04
4107,Seller_04107,Hyderabad,Karnataka,4.72,2024-02-10
4108,Seller_04108,Hyderabad,Manipur,3.84,2021-09-27
4109,Seller_04109,Imphal,West Bengal,4.3,2020-10-29
4110,Seller_04110,Pune,Delhi,3.64,2024-06-03
4111,Seller_04111,Guwahati,West Bengal,3.97,2024-03-12
4112,Seller_04112,Guwahati,Rajasthan,5.0,2021-07-06
4113,Seller_04113,Imphal,Karnataka,4.63,2022-05-15
4114,Seller_04114,Mumbai,Assam,4.22,2020-01-13
4115,Seller_04115,Chennai,Manipur,5.0,2022-12-13
4116,Seller_04116,Mumbai,Telangana,3.32,2025-12-18
4117,Seller_04117,Mumbai,Delhi,4.72,2020-02-28
4118,Seller_04118,Mumbai,Delhi,5.0,2020-10-11
4119,Seller_04119,Jaipur,Assam,5.0,2021-11-02
4120,Seller_04120,Chennai,Karnataka,4.06,2020-02-12
4121,Seller_04121,Hyderabad,Maharashtra,4.17,2023-01-04
4122,Seller_04122,Kolkata,Rajasthan,4.45,2025-04-20
4123,Seller_04123,Guwahati,Maharashtra,3.65,2023-09-12
4124,Seller_04124,Mumbai,Assam,4.35,2021-02-21
4125,Seller_04125,Chennai,Manipur,4.86,2024-02-17
4126,Seller_04126,Hyderabad,Telangana,3.62,2021-07-03
4127,Seller_04127,Pune,Tamil Nadu,4.63,2022-11-17
4128,Seller_04128,Bengaluru,Rajasthan,3.54,2020-04-05
4129,Seller_04129,Mumbai,Rajasthan,4.46,2022-07-24
4130,Seller_04130,Bengaluru,West Bengal,4.87,2023-08-06
4131,Seller_04131,Delhi,Manipur,3.93,2022-02-22
4132,Seller_04132,Pune,Karnataka,3.95,2025-10-10
4133,Seller_04133,Bengaluru,Assam,4.0,2022-05-06
4134,Seller_04134,Bengaluru,Karnataka,3.59,2023-09-19
4135,Seller_04135,Bengaluru,Delhi,5.0,2022-02-18
4136,Seller_04136,Pune,Karnataka,4.96,2024-01-13
4137,Seller_04137,Kolkata,Assam,4.74,2024-08-28
4138,Seller_04138,Delhi,Karnataka,4.21,2024-08-15
4139,Seller_04139,Mumbai,Rajasthan,3.13,2020-08-16
4140,Seller_04140,Chennai,Assam,4.47,2021-08-26
4141,Seller_04141,Jaipur,Assam,4.17,2022-08-18
4142,Seller_04142,Kolkata,Assam,4.33,2024-04-17
4143,Seller_04143,Delhi,Rajasthan,4.09,2022-02-19
4144,Seller_04144,Imphal,Karnataka,3.78,2020-04-27
4145,Seller_04145,Imphal,Telangana,3.99,2023-10-04
4146,Seller_04146,Jaipur,Delhi,3.61,2020-09-22
4147,Seller_04147,Imphal,Assam,3.98,2022-03-24
4148,Seller_04148,Hyderabad,Karnataka,4.07,2024-03-10
4149,Seller_04149,Chennai,Rajasthan,4.53,2021-09-03
4150,Seller_04150,Mumbai,West Bengal,4.36,2024-08-31
4151,Seller_04151,Jaipur,Karnataka,4.71,2022-07-23
4152,Seller_04152,Jaipur,Delhi,4.01,2024-03-23
4153,Seller_04153,Delhi,Maharashtra,3.97,2021-07-12
4154,Seller_04154,Bengaluru,Assam,4.1,2022-07-15
4155,Seller_04155,Kolkata,Manipur,4.26,2025-02-11
4156,Seller_04156,Kolkata,Delhi,4.14,2025-06-02
4157,Seller_04157,Imphal,Delhi,4.39,2020-04-30
4158,Seller_04158,Guwahati,Assam,3.96,2021-05-17
4159,Seller_04159,Kolkata,West Bengal,4.14,2024-06-30
4160,Seller_04160,Delhi,West Bengal,4.46,2025-05-08
4161,Seller_04161,Guwahati,Assam,3.78,2025-01-12
4162,Seller_04162,Kolkata,Telangana,3.68,2020-11-08
4163,Seller_04163,Kolkata,Maharashtra,4.15,2021-05-07
4164,Seller_04164,Hyderabad,Telangana,4.58,2022-10-28
4165,Seller_04165,Mumbai,Delhi,3.9,2020-10-07
4166,Seller_04166,Mumbai,Rajasthan,4.58,2023-01-13
4167,Seller_04167,Mumbai,Manipur,4.19,2020-01-23
4168,Seller_04168,Pune,Karnataka,3.64,2020-07-24
4169,Seller_04169,Hyderabad,Tamil Nadu,4.48,2020-11-01
4170,Seller_04170,Guwahati,Maharashtra,4.6,2020-12-21
4171,Seller_04171,Bengaluru,Manipur,3.91,2022-12-02
4172,Seller_04172,Jaipur,Delhi,3.83,2024-03-21
4173,Seller_04173,Guwahati,Karnataka,3.48,2025-06-27
4174,Seller_04174,Imphal,Assam,4.29,2022-11-14
4175,Seller_04175,Pune,Telangana,4.06,2022-04-09
4176,Seller_04176,Jaipur,Delhi,3.98,2025-03-09
4177,Seller_04177,Imphal,Assam,5.0,2024-02-23
4178,Seller_04178,Mumbai,Delhi,4.32,2020-11-23
4179,Seller_04179,Imphal,Tamil Nadu,3.6,2024-04-02
4180,Seller_04180,Mumbai,Delhi,4.78,2020-06-08
4181,Seller_04181,Hyderabad,Manipur,3.68,2022-11-02
4182,Seller_04182,Mumbai,Tamil Nadu,4.29,2025-10-17
4183,Seller_04183,Hyderabad,Assam,3.65,2024-02-18
4184,Seller_04184,Bengaluru,Rajasthan,3.73,2024-04-20
4185,Seller_04185,Guwahati,Karnataka,3.81,2025-02-18
4186,Seller_04186,Kolkata,Rajasthan,4.3,2023-10-10
4187,Seller_04187,Bengaluru,Telangana,4.31,2022-07-14
4188,Seller_04188,Imphal,West Bengal,4.76,2024-03-20
4189,Seller_04189,Kolkata,West Bengal,3.86,2025-11-09
4190,Seller_04190,Bengaluru,Telangana,4.24,2022-04-30
4191,Seller_04191,Chennai,Telangana,5.0,2020-02-11
4192,Seller_04192,Imphal,Tamil Nadu,4.04,2025-01-29
4193,Seller_04193,Bengaluru,Manipur,3.72,2021-07-23
4194,Seller_04194,Jaipur,Maharashtra,3.64,2020-06-14
4195,Seller_04195,Guwahati,Delhi,3.87,2021-11-13
4196,Seller_04196,Delhi,West Bengal,4.76,2025-06-18
4197,Seller_04197,Bengaluru,Delhi,4.09,2025-11-10
4198,Seller_04198,Pune,Assam,5.0,2022-12-01
4199,Seller_04199,Jaipur,Maharashtra,4.57,2023-01-12
4200,Seller_04200,Kolkata,Maharashtra,4.82,2021-09-02
4201,Seller_04201,Imphal,Assam,3.29,2023-12-24
4202,Seller_04202,Guwahati,Telangana,4.03,2024-07-28
4203,Seller_04203,Pune,Rajasthan,4.05,2025-06-20
4204,Seller_04204,Jaipur,Delhi,3.37,2024-05-30
4205,Seller_04205,Mumbai,Maharashtra,4.31,2022-01-09
4206,Seller_04206,Hyderabad,Assam,3.92,2025-09-22
4207,Seller_04207,Mumbai,Maharashtra,4.62,2021-11-29
4208,Seller_04208,Bengaluru,Tamil Nadu,3.19,2023-01-04
4209,Seller_04209,Mumbai,Telangana,4.18,2025-01-15
4210,Seller_04210,Mumbai,Manipur,4.51,2021-05-11
4211,Seller_04211,Mumbai,Assam,4.88,2025-02-10
4212,Seller_04212,Chennai,Maharashtra,4.55,2022-11-08
4213,Seller_04213,Mumbai,Maharashtra,3.64,2021-01-20
4214,Seller_04214,Delhi,Manipur,4.33,2021-09-16
4215,Seller_04215,Imphal,Assam,4.3,2025-08-05
4216,Seller_04216,Bengaluru,Maharashtra,4.79,2025-02-04
4217,Seller_04217,Guwahati,West Bengal,3.63,2025-11-06
4218,Seller_04218,Pune,Assam,3.9,2020-09-20
4219,Seller_04219,Delhi,Rajasthan,2.76,2022-08-22
4220,Seller_04220,Kolkata,Assam,4.67,2021-03-10
4221,Seller_04221,Mumbai,Manipur,4.13,2024-11-13
4222,Seller_04222,Delhi,Delhi,4.36,2020-09-09
4223,Seller_04223,Imphal,Tamil Nadu,3.43,2025-08-09
4224,Seller_04224,Kolkata,Karnataka,3.37,2021-06-03
4225,Seller_04225,Mumbai,Manipur,4.07,2020-05-24
4226,Seller_04226,Pune,Telangana,3.36,2021-06-27
4227,Seller_04227,Delhi,Rajasthan,3.96,2022-04-21
4228,Seller_04228,Kolkata,Delhi,4.51,2024-01-28
4229,Seller_04229,Bengaluru,Manipur,4.69,2020-04-23
4230,Seller_04230,Jaipur,Delhi,4.05,2020-09-05
4231,Seller_04231,Guwahati,Maharashtra,4.06,2020-05-29
4232,Seller_04232,Delhi,Manipur,3.55,2024-10-02
4233,Seller_04233,Delhi,West Bengal,4.68,2024-01-08
4234,Seller_04234,Chennai,Telangana,4.03,2022-09-05
4235,Seller_04235,Pune,Manipur,3.79,2020-10-03
4236,Seller_04236,Mumbai,Telangana,4.13,2022-04-19
4237,Seller_04237,Mumbai,Delhi,3.37,2020-03-28
4238,Seller_04238,Delhi,West Bengal,4.05,2022-06-17
4239,Seller_04239,Kolkata,West Bengal,3.89,2022-02-21
4240,Seller_04240,Hyderabad,Karnataka,3.82,2025-04-07
4241,Seller_04241,Mumbai,Tamil Nadu,4.17,2023-06-02
4242,Seller_04242,Hyderabad,Manipur,4.01,2022-12-30
4243,Seller_04243,Bengaluru,Assam,3.22,2022-12-02
4244,Seller_04244,Bengaluru,Rajasthan,4.24,2021-05-01
4245,Seller_04245,Guwahati,Manipur,4.29,2022-06-26
4246,Seller_04246,Hyderabad,Karnataka,4.25,2025-10-08
4247,Seller_04247,Jaipur,Rajasthan,4.94,2024-02-22
4248,Seller_04248,Jaipur,West Bengal,4.08,2025-05-24
4249,Seller_04249,Kolkata,Telangana,4.39,2025-04-29
4250,Seller_04250,Guwahati,Delhi,4.03,2022-12-03
4251,Seller_04251,Chennai,West Bengal,4.2,2024-04-25
4252,Seller_04252,Chennai,Karnataka,4.26,2023-06-09
4253,Seller_04253,Chennai,Delhi,4.74,2024-03-31
4254,Seller_04254,Chennai,Maharashtra,3.97,2020-07-17
4255,Seller_04255,Mumbai,Tamil Nadu,2.81,2020-09-16
4256,Seller_04256,Delhi,Tamil Nadu,3.57,2020-01-08
4257,Seller_04257,Hyderabad,West Bengal,3.51,2021-05-17
4258,Seller_04258,Pune,Assam,4.33,2021-08-16
4259,Seller_04259,Delhi,Karnataka,4.2,2023-07-11
4260,Seller_04260,Delhi,Karnataka,5.0,2025-10-08
4261,Seller_04261,Guwahati,Tamil Nadu,3.86,2025-02-19
4262,Seller_04262,Kolkata,Manipur,5.0,2022-02-01
4263,Seller_04263,Pune,Rajasthan,4.81,2021-11-11
4264,Seller_04264,Chennai,Assam,4.08,2020-09-14
4265,Seller_04265,Mumbai,Maharashtra,4.42,2020-01-28
4266,Seller_04266,Pune,Manipur,3.7,2022-11-03
4267,Seller_04267,Guwahati,Maharashtra,3.95,2023-04-28
4268,Seller_04268,Chennai,Delhi,3.55,2020-12-17
4269,Seller_04269,Guwahati,Tamil Nadu,3.61,2025-04-15
4270,Seller_04270,Guwahati,Assam,3.51,2025-08-12
4271,Seller_04271,Hyderabad,Tamil Nadu,3.55,2022-10-26
4272,Seller_04272,Delhi,Karnataka,3.15,2022-07-03
4273,Seller_04273,Kolkata,Tamil Nadu,4.6,2020-03-20
4274,Seller_04274,Bengaluru,Telangana,3.68,2020-09-23
4275,Seller_04275,Imphal,Manipur,3.93,2020-08-17
4276,Seller_04276,Delhi,Assam,4.64,2021-12-16
4277,Seller_04277,Guwahati,West Bengal,4.02,2022-04-25
4278,Seller_04278,Hyderabad,Maharashtra,4.07,2025-09-15
4279,Seller_04279,Chennai,Delhi,4.17,2025-10-29
4280,Seller_04280,Guwahati,West Bengal,4.12,2020-08-02
4281,Seller_04281,Imphal,Telangana,4.11,2022-03-27
4282,Seller_04282,Imphal,Telangana,4.64,2021-10-16
4283,Seller_04283,Mumbai,Manipur,4.54,2024-02-15
4284,Seller_04284,Pune,West Bengal,3.39,2025-12-20
4285,Seller_04285,Kolkata,Tamil Nadu,3.85,2023-03-26
4286,Seller_04286,Delhi,Maharashtra,4.19,2024-10-07
4287,Seller_04287,Mumbai,Manipur,4.4,2024-08-23
4288,Seller_04288,Chennai,Delhi,3.21,2020-06-04
4289,Seller_04289,Pune,Assam,3.87,2023-02-19
4290,Seller_04290,Pune,Manipur,2.76,2022-05-30
4291,Seller_04291,Jaipur,Maharashtra,4.56,2023-03-11
4292,Seller_04292,Mumbai,Manipur,4.86,2023-02-15
4293,Seller_04293,Hyderabad,Maharashtra,4.01,2021-04-09
4294,Seller_04294,Imphal,West Bengal,3.92,2021-11-15
4295,Seller_04295,Bengaluru,Karnataka,4.07,2021-02-03
4296,Seller_04296,Jaipur,Karnataka,4.3,2022-12-18
4297,Seller_04297,Delhi,Maharashtra,3.85,2022-11-07
4298,Seller_04298,Guwahati,Assam,4.13,2024-08-09
4299,Seller_04299,Delhi,Karnataka,3.07,2020-02-20
4300,Seller_04300,Hyderabad,Karnataka,4.3,2020-07-31
4301,Seller_04301,Pune,Rajasthan,4.48,2025-11-12
4302,Seller_04302,Kolkata,Maharashtra,3.34,2022-12-08
4303,Seller_04303,Mumbai,Maharashtra,3.6,2024-04-20
4304,Seller_04304,Imphal,West Bengal,4.45,2021-03-30
4305,Seller_04305,Kolkata,Maharashtra,4.44,2021-02-21
4306,Seller_04306,Bengaluru,Maharashtra,3.54,2025-03-06
4307,Seller_04307,Bengaluru,Karnataka,5.0,2020-05-13
4308,Seller_04308,Jaipur,Manipur,4.7,2021-10-29
4309,Seller_04309,Delhi,Telangana,3.77,2022-10-07
4310,Seller_04310,Guwahati,Telangana,4.27,2021-07-20
4311,Seller_04311,Bengaluru,Karnataka,3.96,2020-08-25
4312,Seller_04312,Imphal,Maharashtra,4.66,2025-05-02
4313,Seller_04313,Hyderabad,Rajasthan,3.52,2025-09-03
4314,Seller_04314,Kolkata,Delhi,3.46,2023-06-26
4315,Seller_04315,Kolkata,Delhi,4.59,2021-07-31
4316,Seller_04316,Jaipur,Delhi,4.03,2020-10-19
4317,Seller_04317,Jaipur,Karnataka,4.41,2021-03-06
4318,Seller_04318,Imphal,Delhi,3.02,2020-01-19
4319,Seller_04319,Imphal,Maharashtra,3.26,2023-07-17
4320,Seller_04320,Delhi,Telangana,4.9,2023-09-18
4321,Seller_04321,Jaipur,Assam,4.64,2023-05-05
4322,Seller_04322,Hyderabad,West Bengal,3.48,2023-04-21
4323,Seller_04323,Hyderabad,West Bengal,4.75,2020-05-31
4324,Seller_04324,Mumbai,Telangana,4.4,2025-12-12
4325,Seller_04325,Delhi,West Bengal,3.72,2020-07-17
4326,Seller_04326,Imphal,Maharashtra,4.58,2024-10-02
4327,Seller_04327,Mumbai,Assam,3.82,2024-02-03
4328,Seller_04328,Pune,Maharashtra,4.15,2025-09-22
4329,Seller_04329,Guwahati,West Bengal,4.7,2021-08-31
4330,Seller_04330,Jaipur,Rajasthan,4.43,2023-11-30
4331,Seller_04331,Delhi,Manipur,3.74,2023-09-21
4332,Seller_04332,Hyderabad,Tamil Nadu,4.22,2024-03-31
4333,Seller_04333,Imphal,Karnataka,3.61,2024-04-22
4334,Seller_04334,Mumbai,Rajasthan,3.88,2023-06-16
4335,Seller_04335,Bengaluru,Manipur,4.14,2021-01-28
4336,Seller_04336,Delhi,Telangana,3.82,2020-01-07
4337,Seller_04337,Hyderabad,Karnataka,3.51,2022-01-30
4338,Seller_04338,Chennai,West Bengal,3.08,2020-08-27
4339,Seller_04339,Jaipur,Delhi,4.1,2022-04-24
4340,Seller_04340,Chennai,Telangana,4.8,2020-02-21
4341,Seller_04341,Guwahati,Manipur,3.73,2024-08-01
4342,Seller_04342,Bengaluru,Telangana,3.89,2020-02-20
4343,Seller_04343,Chennai,West Bengal,4.04,2023-05-06
4344,Seller_04344,Jaipur,Assam,4.53,2024-11-22
4345,Seller_04345,Bengaluru,Telangana,3.94,2022-12-06
4346,Seller_04346,Imphal,Maharashtra,3.32,2024-07-29
4347,Seller_04347,Pune,Karnataka,4.12,2024-08-04
4348,Seller_04348,Pune,Telangana,4.6,2023-10-02
4349,Seller_04349,Hyderabad,Tamil Nadu,4.55,2021-09-26
4350,Seller_04350,Imphal,Telangana,4.7,2020-03-23
4351,Seller_04351,Chennai,Delhi,5.0,2023-09-09
4352,Seller_04352,Imphal,West Bengal,5.0,2022-07-19
4353,Seller_04353,Bengaluru,Tamil Nadu,4.87,2020-02-10
4354,Seller_04354,Mumbai,West Bengal,3.64,2021-05-09
4355,Seller_04355,Bengaluru,Karnataka,3.96,2025-05-16
4356,Seller_04356,Guwahati,West Bengal,4.63,2020-06-17
4357,Seller_04357,Bengaluru,West Bengal,4.31,2025-05-30
4358,Seller_04358,Bengaluru,Assam,4.41,2022-11-22
4359,Seller_04359,Pune,Assam,5.0,2025-02-14
4360,Seller_04360,Kolkata,Maharashtra,3.63,2023-12-26
4361,Seller_04361,Hyderabad,Assam,3.78,2022-08-20
4362,Seller_04362,Delhi,Maharashtra,4.07,2022-11-03
4363,Seller_04363,Hyderabad,Rajasthan,3.71,2021-01-08
4364,Seller_04364,Jaipur,Karnataka,3.11,2025-10-21
4365,Seller_04365,Chennai,Maharashtra,4.96,2024-11-23
4366,Seller_04366,Chennai,Telangana,4.03,2023-02-01
4367,Seller_04367,Mumbai,Telangana,4.46,2025-07-22
4368,Seller_04368,Hyderabad,Assam,3.42,2021-09-10
4369,Seller_04369,Imphal,Karnataka,4.07,2025-12-07
4370,Seller_04370,Imphal,Delhi,3.47,2025-07-19
4371,Seller_04371,Pune,Manipur,4.55,2020-03-12
4372,Seller_04372,Imphal,Maharashtra,3.97,2024-06-17
4373,Seller_04373,Pune,Delhi,3.6,2025-02-25
4374,Seller_04374,Chennai,Karnataka,4.58,2023-05-18
4375,Seller_04375,Kolkata,Tamil Nadu,3.75,2020-05-01
4376,Seller_04376,Chennai,Karnataka,4.33,2024-09-07
4377,Seller_04377,Hyderabad,Maharashtra,4.34,2025-08-03
4378,Seller_04378,Kolkata,Karnataka,4.07,2023-02-08
4379,Seller_04379,Kolkata,Tamil Nadu,3.94,2025-02-11
4380,Seller_04380,Chennai,Rajasthan,3.68,2023-08-19
4381,Seller_04381,Hyderabad,Rajasthan,4.31,2023-03-21
4382,Seller_04382,Mumbai,Manipur,3.79,2024-05-17
4383,Seller_04383,Mumbai,Karnataka,3.76,2024-07-21
4384,Seller_04384,Chennai,Delhi,3.75,2024-10-16
4385,Seller_04385,Kolkata,Maharashtra,3.89,2025-03-04
4386,Seller_04386,Imphal,Manipur,4.26,2025-04-26
4387,Seller_04387,Bengaluru,Karnataka,3.7,2020-04-06
4388,Seller_04388,Jaipur,Tamil Nadu,3.07,2023-09-22
4389,Seller_04389,Jaipur,Telangana,3.7,2022-05-11
4390,Seller_04390,Jaipur,Delhi,4.07,2025-09-08
4391,Seller_04391,Jaipur,Maharashtra,4.28,2020-01-12
4392,Seller_04392,Kolkata,Karnataka,4.18,2025-07-03
4393,Seller_04393,Imphal,Rajasthan,3.5,2022-11-28
4394,Seller_04394,Chennai,Karnataka,4.08,2022-12-22
4395,Seller_04395,Mumbai,Manipur,3.56,2021-11-19
4396,Seller_04396,Kolkata,Maharashtra,4.77,2022-03-09
4397,Seller_04397,Bengaluru,Telangana,4.76,2020-12-19
4398,Seller_04398,Pune,Assam,4.73,2025-04-18
4399,Seller_04399,Chennai,Tamil Nadu,3.59,2020-03-18
4400,Seller_04400,Hyderabad,Tamil Nadu,4.03,2024-11-09
4401,Seller_04401,Delhi,Telangana,3.06,2020-03-20
4402,Seller_04402,Jaipur,Tamil Nadu,3.02,2025-09-12
4403,Seller_04403,Bengaluru,Telangana,3.81,2024-03-18
4404,Seller_04404,Guwahati,Delhi,4.54,2025-09-25
4405,Seller_04405,Mumbai,West Bengal,4.13,2022-09-09
4406,Seller_04406,Guwahati,Tamil Nadu,4.1,2021-09-04
4407,Seller_04407,Jaipur,Maharashtra,4.17,2024-01-16
4408,Seller_04408,Imphal,Manipur,4.47,2021-12-09
4409,Seller_04409,Imphal,West Bengal,4.1,2021-01-27
4410,Seller_04410,Delhi,Maharashtra,3.65,2020-09-24
4411,Seller_04411,Delhi,Telangana,3.85,2020-10-14
4412,Seller_04412,Imphal,Delhi,3.76,2021-01-03
4413,Seller_04413,Mumbai,Telangana,3.4,2024-07-26
4414,Seller_04414,Chennai,Karnataka,4.08,2024-11-04
4415,Seller_04415,Pune,Karnataka,4.62,2020-08-15
4416,Seller_04416,Imphal,Assam,5.0,2023-09-25
4417,Seller_04417,Chennai,Assam,4.01,2024-10-24
4418,Seller_04418,Kolkata,Tamil Nadu,3.86,2023-01-31
4419,Seller_04419,Kolkata,Delhi,3.7,2025-03-16
4420,Seller_04420,Jaipur,Telangana,3.33,2021-10-04
4421,Seller_04421,Kolkata,West Bengal,4.37,2021-05-15
4422,Seller_04422,Bengaluru,Karnataka,3.62,2021-04-18
4423,Seller_04423,Pune,West Bengal,3.74,2025-03-06
4424,Seller_04424,Mumbai,Assam,3.89,2022-02-27
4425,Seller_04425,Chennai,Telangana,4.63,2022-02-21
4426,Seller_04426,Guwahati,Rajasthan,3.47,2021-12-02
4427,Seller_04427,Kolkata,West Bengal,4.58,2020-03-03
4428,Seller_04428,Guwahati,Telangana,5.0,2025-07-11
4429,Seller_04429,Jaipur,Rajasthan,3.6,2022-04-07
4430,Seller_04430,Jaipur,Delhi,3.96,2020-09-08
4431,Seller_04431,Mumbai,Telangana,4.84,2022-12-03
4432,Seller_04432,Chennai,Karnataka,3.4,2025-03-30
4433,Seller_04433,Delhi,Telangana,4.3,2024-03-22
4434,Seller_04434,Jaipur,Manipur,3.87,2021-04-25
4435,Seller_04435,Hyderabad,Karnataka,4.18,2024-08-06
4436,Seller_04436,Pune,Delhi,3.48,2024-10-02
4437,Seller_04437,Kolkata,Assam,4.25,2020-01-02
4438,Seller_04438,Kolkata,Tamil Nadu,3.82,2023-09-15
4439,Seller_04439,Kolkata,Karnataka,3.59,2021-01-03
4440,Seller_04440,Chennai,Manipur,3.54,2020-02-03
4441,Seller_04441,Guwahati,Rajasthan,3.58,2021-09-06
4442,Seller_04442,Imphal,Tamil Nadu,4.48,2022-06-09
4443,Seller_04443,Mumbai,Delhi,3.89,2021-07-10
4444,Seller_04444,Mumbai,Karnataka,4.37,2023-09-23
4445,Seller_04445,Pune,Maharashtra,4.05,2025-05-19
4446,Seller_04446,Chennai,Manipur,3.91,2022-05-02
4447,Seller_04447,Delhi,West Bengal,3.03,2023-02-18
4448,Seller_04448,Chennai,Karnataka,4.1,2020-07-02
4449,Seller_04449,Bengaluru,Manipur,4.47,2022-09-20
4450,Seller_04450,Imphal,Delhi,4.42,2020-12-02
4451,Seller_04451,Delhi,Rajasthan,4.5,2025-11-14
4452,Seller_04452,Mumbai,Telangana,5.0,2022-11-07
4453,Seller_04453,Pune,Delhi,4.24,2025-03-05
4454,Seller_04454,Kolkata,Assam,3.29,2022-06-20
4455,Seller_04455,Bengaluru,Rajasthan,4.5,2020-04-05
4456,Seller_04456,Delhi,Rajasthan,4.0,2023-02-02
4457,Seller_04457,Chennai,Manipur,3.94,2025-12-15
4458,Seller_04458,Mumbai,Tamil Nadu,4.54,2023-03-09
4459,Seller_04459,Kolkata,West Bengal,3.81,2020-08-28
4460,Seller_04460,Hyderabad,Telangana,3.35,2023-09-28
4461,Seller_04461,Bengaluru,Telangana,5.0,2023-05-12
4462,Seller_04462,Kolkata,Karnataka,4.8,2021-11-22
4463,Seller_04463,Pune,Karnataka,4.38,2021-12-20
4464,Seller_04464,Chennai,Delhi,3.95,2023-12-04
4465,Seller_04465,Hyderabad,West Bengal,3.18,2020-08-21
4466,Seller_04466,Hyderabad,Delhi,5.0,2021-05-24
4467,Seller_04467,Guwahati,Karnataka,4.77,2021-05-11
4468,Seller_04468,Imphal,Delhi,4.85,2025-03-20
4469,Seller_04469,Bengaluru,Assam,4.66,2021-04-26
4470,Seller_04470,Jaipur,Manipur,4.17,2020-09-07
4471,Seller_04471,Guwahati,Karnataka,4.14,2021-08-29
4472,Seller_04472,Imphal,Assam,4.57,2022-09-14
4473,Seller_04473,Mumbai,Rajasthan,3.93,2022-10-30
4474,Seller_04474,Pune,Tamil Nadu,3.96,2020-10-14
4475,Seller_04475,Mumbai,Karnataka,5.0,2021-05-20
4476,Seller_04476,Jaipur,West Bengal,3.83,2023-04-03
4477,Seller_04477,Guwahati,West Bengal,4.72,2025-05-12
4478,Seller_04478,Chennai,Telangana,3.73,2020-08-18
4479,Seller_04479,Hyderabad,Maharashtra,3.82,2024-10-27
4480,Seller_04480,Imphal,Tamil Nadu,5.0,2025-04-12
4481,Seller_04481,Delhi,Tamil Nadu,4.09,2022-07-01
4482,Seller_04482,Hyderabad,Rajasthan,4.05,2025-11-22
4483,Seller_04483,Delhi,Telangana,4.51,2020-12-20
4484,Seller_04484,Mumbai,Rajasthan,3.35,2024-10-10
4485,Seller_04485,Jaipur,Manipur,4.15,2020-06-23
4486,Seller_04486,Chennai,Assam,3.49,2021-04-07
4487,Seller_04487,Mumbai,Telangana,4.61,2021-08-21
4488,Seller_04488,Imphal,Tamil Nadu,4.71,2023-05-11
4489,Seller_04489,Jaipur,Karnataka,4.66,2020-07-10
4490,Seller_04490,Jaipur,Assam,4.51,2020-09-13
4491,Seller_04491,Imphal,Tamil Nadu,4.55,2023-09-22
4492,Seller_04492,Mumbai,Delhi,2.77,2021-01-08
4493,Seller_04493,Pune,Tamil Nadu,3.67,2022-02-04
4494,Seller_04494,Chennai,Karnataka,4.5,2020-02-23
4495,Seller_04495,Mumbai,Manipur,3.76,2022-09-10
4496,Seller_04496,Jaipur,Assam,3.74,2020-02-29
4497,Seller_04497,Delhi,Delhi,4.78,2020-05-15
4498,Seller_04498,Mumbai,Manipur,3.67,2021-11-27
4499,Seller_04499,Mumbai,Karnataka,3.38,2020-12-07
4500,Seller_04500,Bengaluru,Delhi,4.47,2023-04-27
4501,Seller_04501,Hyderabad,Karnataka,3.71,2022-04-11
4502,Seller_04502,Delhi,West Bengal,4.05,2024-05-29
4503,Seller_04503,Jaipur,Telangana,4.48,2021-10-13
4504,Seller_04504,Jaipur,Delhi,4.1,2024-06-05
4505,Seller_04505,Chennai,Assam,3.3,2023-04-26
4506,Seller_04506,Guwahati,Telangana,5.0,2022-12-15
4507,Seller_04507,Chennai,Manipur,4.11,2022-12-01
4508,Seller_04508,Chennai,Rajasthan,4.03,2025-02-14
4509,Seller_04509,Guwahati,Maharashtra,4.04,2020-12-17
4510,Seller_04510,Hyderabad,Tamil Nadu,4.49,2025-06-29
4511,Seller_04511,Hyderabad,Tamil Nadu,4.22,2025-05-11
4512,Seller_04512,Delhi,Maharashtra,4.33,2022-09-19
4513,Seller_04513,Hyderabad,Manipur,3.74,2023-03-07
4514,Seller_04514,Delhi,Assam,3.38,2022-07-29
4515,Seller_04515,Jaipur,Rajasthan,4.92,2020-08-11
4516,Seller_04516,Chennai,Telangana,4.16,2023-04-17
4517,Seller_04517,Pune,Karnataka,3.98,2021-01-03
4518,Seller_04518,Chennai,Tamil Nadu,4.25,2020-11-05
4519,Seller_04519,Guwahati,Telangana,3.97,2020-05-30
4520,Seller_04520,Bengaluru,West Bengal,4.26,2023-08-06
4521,Seller_04521,Jaipur,Assam,4.32,2022-09-15
4522,Seller_04522,Jaipur,Rajasthan,4.25,2021-05-08
4523,Seller_04523,Chennai,Maharashtra,4.11,2020-04-24
4524,Seller_04524,Bengaluru,Manipur,3.52,2025-08-19
4525,Seller_04525,Delhi,Karnataka,4.13,2023-09-17
4526,Seller_04526,Delhi,Assam,3.82,2022-06-14
4527,Seller_04527,Mumbai,West Bengal,4.53,2025-01-02
4528,Seller_04528,Pune,Rajasthan,4.19,2025-01-22
4529,Seller_04529,Guwahati,Telangana,3.72,2022-06-13
4530,Seller_04530,Chennai,Tamil Nadu,4.57,2023-02-19
4531,Seller_04531,Mumbai,Manipur,4.14,2021-10-22
4532,Seller_04532,Chennai,Delhi,3.65,2020-10-14
4533,Seller_04533,Mumbai,West Bengal,4.97,2023-10-13
4534,Seller_04534,Chennai,Rajasthan,4.23,2025-11-16
4535,Seller_04535,Imphal,Assam,3.77,2024-08-27
4536,Seller_04536,Hyderabad,Maharashtra,4.51,2021-07-31
4537,Seller_04537,Jaipur,Maharashtra,5.0,2023-02-28
4538,Seller_04538,Imphal,Delhi,4.61,2025-10-01
4539,Seller_04539,Chennai,Telangana,4.17,2021-03-06
4540,Seller_04540,Hyderabad,Delhi,3.79,2020-07-23
4541,Seller_04541,Kolkata,Manipur,4.39,2021-10-03
4542,Seller_04542,Imphal,Karnataka,4.47,2023-06-09
4543,Seller_04543,Delhi,Manipur,4.4,2021-09-22
4544,Seller_04544,Hyderabad,Assam,4.08,2024-11-05
4545,Seller_04545,Imphal,Rajasthan,3.37,2025-12-04
4546,Seller_04546,Delhi,West Bengal,4.39,2021-11-24
4547,Seller_04547,Kolkata,Tamil Nadu,3.93,2021-06-24
4548,Seller_04548,Pune,Assam,3.87,2025-10-26
4549,Seller_04549,Kolkata,Delhi,4.12,2020-04-30
4550,Seller_04550,Imphal,Telangana,3.66,2021-04-20
4551,Seller_04551,Delhi,Maharashtra,4.12,2022-12-25
4552,Seller_04552,Jaipur,Telangana,2.79,2023-01-07
4553,Seller_04553,Jaipur,Karnataka,4.32,2022-10-29
4554,Seller_04554,Delhi,Maharashtra,3.32,2024-08-20
4555,Seller_04555,Mumbai,Maharashtra,4.55,2025-11-30
4556,Seller_04556,Guwahati,Maharashtra,3.4,2021-03-06
4557,Seller_04557,Delhi,Telangana,3.4,2020-08-06
4558,Seller_04558,Bengaluru,West Bengal,3.74,2023-04-22
4559,Seller_04559,Delhi,Manipur,3.61,2021-10-08
4560,Seller_04560,Guwahati,Maharashtra,4.36,2023-05-10
4561,Seller_04561,Pune,West Bengal,3.48,2022-08-02
4562,Seller_04562,Bengaluru,Telangana,3.59,2022-04-23
4563,Seller_04563,Bengaluru,Manipur,4.75,2022-09-09
4564,Seller_04564,Delhi,Delhi,4.17,2025-11-09
4565,Seller_04565,Hyderabad,Rajasthan,4.19,2024-05-24
4566,Seller_04566,Chennai,Maharashtra,3.7,2020-11-14
4567,Seller_04567,Hyderabad,Tamil Nadu,3.13,2025-01-25
4568,Seller_04568,Mumbai,Maharashtra,4.14,2020-12-08
4569,Seller_04569,Chennai,Tamil Nadu,3.87,2025-09-16
4570,Seller_04570,Kolkata,Delhi,4.49,2024-08-17
4571,Seller_04571,Kolkata,West Bengal,3.88,2020-03-30
4572,Seller_04572,Bengaluru,Tamil Nadu,3.41,2020-08-23
4573,Seller_04573,Hyderabad,Assam,3.99,2020-04-01
4574,Seller_04574,Mumbai,Rajasthan,3.92,2024-09-15
4575,Seller_04575,Chennai,Manipur,4.1,2025-11-23
4576,Seller_04576,Chennai,Karnataka,4.53,2023-09-30
4577,Seller_04577,Kolkata,Maharashtra,4.46,2021-03-18
4578,Seller_04578,Kolkata,Rajasthan,4.03,2024-01-07
4579,Seller_04579,Pune,Rajasthan,3.7,2025-07-26
4580,Seller_04580,Guwahati,Delhi,3.95,2024-10-09
4581,Seller_04581,Kolkata,Karnataka,4.18,2023-12-25
4582,Seller_04582,Bengaluru,Delhi,4.7,2025-02-19
4583,Seller_04583,Bengaluru,Maharashtra,3.98,2023-12-09
4584,Seller_04584,Chennai,Rajasthan,3.9,2025-06-17
4585,Seller_04585,Pune,Karnataka,4.88,2025-07-25
4586,Seller_04586,Kolkata,Tamil Nadu,3.82,2025-07-01
4587,Seller_04587,Hyderabad,Tamil Nadu,4.16,2022-05-24
4588,Seller_04588,Imphal,Karnataka,4.59,2021-07-25
4589,Seller_04589,Hyderabad,Delhi,3.5,2024-10-27
4590,Seller_04590,Kolkata,Rajasthan,3.66,2025-03-06
4591,Seller_04591,Guwahati,Telangana,4.27,2020-07-12
4592,Seller_04592,Pune,Karnataka,4.19,2021-05-01
4593,Seller_04593,Hyderabad,West Bengal,3.52,2025-09-25
4594,Seller_04594,Kolkata,West Bengal,4.39,2020-09-14
4595,Seller_04595,Hyderabad,Karnataka,4.51,2025-08-01
4596,Seller_04596,Jaipur,Manipur,4.36,2023-05-11
4597,Seller_04597,Guwahati,Delhi,4.11,2020-04-23
4598,Seller_04598,Mumbai,Manipur,3.44,2022-07-09
4599,Seller_04599,Imphal,Telangana,4.62,2021-11-26
4600,Seller_04600,Jaipur,Delhi,4.85,2025-10-20
4601,Seller_04601,Delhi,Tamil Nadu,4.17,2022-07-22
4602,Seller_04602,Jaipur,Rajasthan,4.01,2025-10-06
4603,Seller_04603,Imphal,Karnataka,3.7,2023-01-30
4604,Seller_04604,Chennai,West Bengal,4.52,2023-08-17
4605,Seller_04605,Mumbai,Manipur,4.37,2025-03-26
4606,Seller_04606,Imphal,Maharashtra,4.22,2021-07-08
4607,Seller_04607,Chennai,Manipur,4.44,2025-11-24
4608,Seller_04608,Pune,Delhi,4.63,2025-01-16
4609,Seller_04609,Hyderabad,Tamil Nadu,4.18,2023-03-07
4610,Seller_04610,Bengaluru,Karnataka,4.06,2022-05-12
4611,Seller_04611,Pune,Assam,4.34,2024-06-04
4612,Seller_04612,Jaipur,Rajasthan,3.84,2023-04-20
4613,Seller_04613,Hyderabad,West Bengal,4.0,2024-01-15
4614,Seller_04614,Hyderabad,Karnataka,4.73,2024-04-08
4615,Seller_04615,Jaipur,Assam,3.65,2020-01-08
4616,Seller_04616,Guwahati,Manipur,4.55,2020-08-30
4617,Seller_04617,Kolkata,Tamil Nadu,3.6,2021-01-07
4618,Seller_04618,Delhi,Manipur,4.18,2024-12-19
4619,Seller_04619,Jaipur,Maharashtra,4.84,2025-08-26
4620,Seller_04620,Mumbai,Rajasthan,4.8,2023-03-10
4621,Seller_04621,Chennai,Delhi,4.35,2020-07-05
4622,Seller_04622,Imphal,Manipur,4.45,2021-08-15
4623,Seller_04623,Chennai,Karnataka,4.2,2023-12-02
4624,Seller_04624,Mumbai,Maharashtra,4.04,2025-07-02
4625,Seller_04625,Hyderabad,Manipur,3.85,2021-03-17
4626,Seller_04626,Kolkata,Assam,3.57,2022-10-13
4627,Seller_04627,Mumbai,Tamil Nadu,3.53,2023-05-21
4628,Seller_04628,Pune,Tamil Nadu,3.83,2020-05-01
4629,Seller_04629,Delhi,Rajasthan,3.95,2022-03-08
4630,Seller_04630,Guwahati,West Bengal,4.24,2020-05-12
4631,Seller_04631,Kolkata,Rajasthan,4.58,2021-02-14
4632,Seller_04632,Chennai,Karnataka,4.36,2023-11-22
4633,Seller_04633,Jaipur,Tamil Nadu,3.76,2024-09-10
4634,Seller_04634,Kolkata,Rajasthan,3.64,2020-03-25
4635,Seller_04635,Mumbai,Manipur,4.24,2022-03-25
4636,Seller_04636,Pune,Manipur,4.08,2022-04-06
4637,Seller_04637,Guwahati,West Bengal,3.85,2022-03-07
4638,Seller_04638,Imphal,Delhi,4.87,2024-09-28
4639,Seller_04639,Delhi,Delhi,4.18,2021-09-23
4640,Seller_04640,Pune,Tamil Nadu,4.45,2020-02-16
4641,Seller_04641,Kolkata,Maharashtra,3.47,2023-10-22
4642,Seller_04642,Delhi,Delhi,4.29,2022-09-24
4643,Seller_04643,Bengaluru,Rajasthan,4.19,2020-10-07
4644,Seller_04644,Chennai,Tamil Nadu,4.97,2020-06-26
4645,Seller_04645,Hyderabad,Rajasthan,4.18,2022-12-20
4646,Seller_04646,Delhi,Assam,4.94,2024-10-16
4647,Seller_04647,Imphal,Maharashtra,4.58,2022-05-03
4648,Seller_04648,Hyderabad,Assam,4.11,2024-12-26
4649,Seller_04649,Bengaluru,Rajasthan,3.7,2020-03-13
4650,Seller_04650,Mumbai,West Bengal,3.84,2024-02-13
4651,Seller_04651,Hyderabad,Karnataka,3.72,2024-05-01
4652,Seller_04652,Mumbai,Maharashtra,3.68,2020-07-08
4653,Seller_04653,Bengaluru,Assam,4.02,2024-05-14
4654,Seller_04654,Kolkata,West Bengal,4.34,2020-02-22
4655,Seller_04655,Guwahati,Delhi,4.28,2025-04-30
4656,Seller_04656,Bengaluru,Rajasthan,4.04,2024-11-02
4657,Seller_04657,Imphal,Telangana,3.55,2024-09-15
4658,Seller_04658,Delhi,Delhi,3.64,2021-11-17
4659,Seller_04659,Mumbai,West Bengal,3.34,2021-09-08
4660,Seller_04660,Mumbai,Telangana,3.72,2023-12-17
4661,Seller_04661,Delhi,Telangana,3.58,2022-12-08
4662,Seller_04662,Kolkata,Maharashtra,4.77,2021-12-19
4663,Seller_04663,Mumbai,Assam,4.82,2024-11-15
4664,Seller_04664,Jaipur,Tamil Nadu,3.65,2020-03-04
4665,Seller_04665,Kolkata,Tamil Nadu,3.93,2025-04-05
4666,Seller_04666,Jaipur,Telangana,4.61,2021-08-27
4667,Seller_04667,Kolkata,Telangana,3.98,2021-05-26
4668,Seller_04668,Bengaluru,West Bengal,3.8,2021-02-25
4669,Seller_04669,Guwahati,Assam,4.32,2025-07-13
4670,Seller_04670,Imphal,Telangana,4.12,2021-08-12
4671,Seller_04671,Kolkata,Manipur,4.69,2022-11-21
4672,Seller_04672,Mumbai,Rajasthan,4.3,2025-04-15
4673,Seller_04673,Kolkata,West Bengal,3.12,2022-05-09
4674,Seller_04674,Hyderabad,West Bengal,3.79,2021-09-30
4675,Seller_04675,Bengaluru,Telangana,4.27,2020-10-02
4676,Seller_04676,Hyderabad,Maharashtra,4.22,2024-02-25
4677,Seller_04677,Mumbai,Maharashtra,4.11,2024-07-29
4678,Seller_04678,Bengaluru,Karnataka,4.1,2025-03-09
4679,Seller_04679,Mumbai,Manipur,4.18,2024-02-28
4680,Seller_04680,Hyderabad,Telangana,3.7,2024-02-22
4681,Seller_04681,Pune,Manipur,4.19,2021-11-08
4682,Seller_04682,Delhi,Delhi,4.74,2020-10-04
4683,Seller_04683,Kolkata,Karnataka,4.61,2024-10-16
4684,Seller_04684,Hyderabad,Maharashtra,4.62,2024-03-19
4685,Seller_04685,Mumbai,Rajasthan,3.65,2025-12-06
4686,Seller_04686,Mumbai,Manipur,4.12,2022-08-14
4687,Seller_04687,Chennai,Karnataka,4.15,2023-04-20
4688,Seller_04688,Imphal,Assam,4.02,2022-08-12
4689,Seller_04689,Jaipur,Karnataka,3.07,2022-12-02
4690,Seller_04690,Hyderabad,Assam,5.0,2023-03-07
4691,Seller_04691,Hyderabad,West Bengal,3.87,2023-09-17
4692,Seller_04692,Jaipur,Delhi,4.09,2023-03-14
4693,Seller_04693,Mumbai,Tamil Nadu,4.66,2024-01-09
4694,Seller_04694,Hyderabad,Assam,4.72,2024-02-24
4695,Seller_04695,Chennai,Delhi,3.07,2022-10-28
4696,Seller_04696,Imphal,Tamil Nadu,3.68,2024-07-24
4697,Seller_04697,Jaipur,Karnataka,4.63,2024-09-14
4698,Seller_04698,Imphal,West Bengal,5.0,2023-02-25
4699,Seller_04699,Imphal,Maharashtra,3.86,2023-09-20
4700,Seller_04700,Guwahati,West Bengal,4.09,2020-10-02
4701,Seller_04701,Bengaluru,Maharashtra,3.4,2025-05-18
4702,Seller_04702,Chennai,West Bengal,4.41,2020-03-12
4703,Seller_04703,Kolkata,Manipur,4.47,2024-06-04
4704,Seller_04704,Guwahati,Delhi,4.24,2024-06-27
4705,Seller_04705,Jaipur,Assam,4.57,2020-02-12
4706,Seller_04706,Bengaluru,Karnataka,4.77,2023-04-10
4707,Seller_04707,Delhi,Tamil Nadu,4.36,2021-01-19
4708,Seller_04708,Hyderabad,Karnataka,4.49,2023-02-19
4709,Seller_04709,Bengaluru,Karnataka,4.91,2025-03-06
4710,Seller_04710,Chennai,Assam,2.92,2025-02-24
4711,Seller_04711,Kolkata,Assam,4.56,2020-11-02
4712,Seller_04712,Kolkata,Karnataka,4.92,2024-06-27
4713,Seller_04713,Mumbai,Telangana,3.69,2025-11-15
4714,Seller_04714,Chennai,Manipur,3.5,2022-09-09
4715,Seller_04715,Imphal,Karnataka,4.31,2024-04-21
4716,Seller_04716,Imphal,Tamil Nadu,3.27,2021-06-08
4717,Seller_04717,Mumbai,Assam,4.07,2021-07-14
4718,Seller_04718,Jaipur,Assam,4.43,2020-10-24
4719,Seller_04719,Chennai,Telangana,4.27,2025-12-31
4720,Seller_04720,Kolkata,Assam,4.16,2020-04-04
4721,Seller_04721,Pune,Tamil Nadu,4.71,2021-08-11
4722,Seller_04722,Hyderabad,Telangana,4.49,2021-09-22
4723,Seller_04723,Mumbai,Assam,3.55,2025-09-11
4724,Seller_04724,Pune,Rajasthan,4.28,2023-11-11
4725,Seller_04725,Jaipur,Manipur,4.8,2024-12-31
4726,Seller_04726,Mumbai,Manipur,4.43,2025-03-08
4727,Seller_04727,Bengaluru,Tamil Nadu,4.19,2023-05-30
4728,Seller_04728,Guwahati,Karnataka,4.06,2024-10-19
4729,Seller_04729,Bengaluru,Rajasthan,3.44,2022-01-06
4730,Seller_04730,Mumbai,Rajasthan,4.34,2024-02-09
4731,Seller_04731,Mumbai,West Bengal,4.61,2022-09-15
4732,Seller_04732,Chennai,Rajasthan,3.15,2023-07-28
4733,Seller_04733,Chennai,West Bengal,3.85,2024-07-30
4734,Seller_04734,Kolkata,West Bengal,4.04,2024-03-02
4735,Seller_04735,Bengaluru,Tamil Nadu,4.57,2020-11-26
4736,Seller_04736,Pune,Manipur,3.68,2020-12-24
4737,Seller_04737,Kolkata,West Bengal,3.45,2020-07-20
4738,Seller_04738,Bengaluru,Assam,3.94,2022-05-07
4739,Seller_04739,Chennai,Maharashtra,5.0,2025-03-07
4740,Seller_04740,Hyderabad,Assam,4.23,2020-09-25
4741,Seller_04741,Mumbai,Delhi,4.63,2021-04-06
4742,Seller_04742,Kolkata,Assam,4.14,2023-07-13
4743,Seller_04743,Chennai,Assam,4.61,2025-10-26
4744,Seller_04744,Mumbai,Tamil Nadu,3.87,2020-12-22
4745,Seller_04745,Imphal,Telangana,4.86,2023-02-17
4746,Seller_04746,Guwahati,West Bengal,3.83,2020-07-10
4747,Seller_04747,Hyderabad,Manipur,4.48,2023-11-25
4748,Seller_04748,Bengaluru,Assam,4.21,2021-08-18
4749,Seller_04749,Hyderabad,Karnataka,3.52,2025-08-15
4750,Seller_04750,Imphal,West Bengal,3.61,2022-08-11
4751,Seller_04751,Guwahati,Assam,4.44,2022-02-26
4752,Seller_04752,Pune,Delhi,3.99,2020-09-16
4753,Seller_04753,Delhi,Maharashtra,4.43,2024-07-29
4754,Seller_04754,Bengaluru,Maharashtra,3.27,2025-11-05
4755,Seller_04755,Guwahati,Assam,2.94,2022-12-25
4756,Seller_04756,Kolkata,Assam,4.46,2022-08-10
4757,Seller_04757,Guwahati,West Bengal,4.19,2023-04-23
4758,Seller_04758,Kolkata,Delhi,3.83,2022-07-04
4759,Seller_04759,Mumbai,West Bengal,4.5,2022-01-07
4760,Seller_04760,Imphal,Rajasthan,5.0,2024-08-23
4761,Seller_04761,Kolkata,Telangana,4.53,2023-11-07
4762,Seller_04762,Pune,Karnataka,3.66,2025-09-13
4763,Seller_04763,Jaipur,West Bengal,3.26,2025-09-21
4764,Seller_04764,Kolkata,Rajasthan,4.73,2024-08-01
4765,Seller_04765,Guwahati,Karnataka,3.72,2024-11-18
4766,Seller_04766,Delhi,Karnataka,4.65,2025-11-29
4767,Seller_04767,Pune,Tamil Nadu,4.38,2020-01-02
4768,Seller_04768,Imphal,Tamil Nadu,4.26,2025-02-12
4769,Seller_04769,Delhi,West Bengal,2.88,2020-01-18
4770,Seller_04770,Jaipur,Rajasthan,4.18,2025-01-07
4771,Seller_04771,Guwahati,West Bengal,4.12,2024-02-10
4772,Seller_04772,Hyderabad,Tamil Nadu,4.41,2022-01-27
4773,Seller_04773,Mumbai,Assam,3.95,2021-06-13
4774,Seller_04774,Kolkata,Maharashtra,2.86,2022-12-28
4775,Seller_04775,Hyderabad,Karnataka,4.41,2023-06-25
4776,Seller_04776,Kolkata,Tamil Nadu,3.22,2024-08-28
4777,Seller_04777,Mumbai,Assam,4.12,2023-05-15
4778,Seller_04778,Kolkata,Manipur,3.75,2024-11-07
4779,Seller_04779,Hyderabad,Tamil Nadu,3.71,2020-02-02
4780,Seller_04780,Hyderabad,Rajasthan,4.99,2024-08-18
4781,Seller_04781,Mumbai,Delhi,4.55,2024-07-31
4782,Seller_04782,Pune,Telangana,4.26,2021-11-26
4783,Seller_04783,Jaipur,Rajasthan,4.19,2024-12-28
4784,Seller_04784,Chennai,Delhi,3.53,2024-12-21
4785,Seller_04785,Kolkata,Maharashtra,4.66,2025-03-15
4786,Seller_04786,Imphal,Tamil Nadu,3.77,2022-09-29
4787,Seller_04787,Bengaluru,Karnataka,4.35,2020-03-29
4788,Seller_04788,Delhi,Rajasthan,3.23,2024-11-14
4789,Seller_04789,Hyderabad,Delhi,3.59,2025-01-16
4790,Seller_04790,Guwahati,Assam,3.66,2023-08-08
4791,Seller_04791,Hyderabad,Karnataka,4.57,2021-01-15
4792,Seller_04792,Chennai,Rajasthan,4.95,2021-07-09
4793,Seller_04793,Kolkata,West Bengal,3.32,2025-02-20
4794,Seller_04794,Hyderabad,Delhi,5.0,2022-01-24
4795,Seller_04795,Kolkata,Tamil Nadu,4.28,2024-04-03
4796,Seller_04796,Imphal,Telangana,5.0,2022-12-17
4797,Seller_04797,Guwahati,Tamil Nadu,4.74,2021-01-30
4798,Seller_04798,Kolkata,Manipur,3.97,2023-07-16
4799,Seller_04799,Kolkata,Karnataka,4.95,2020-07-25
4800,Seller_04800,Pune,Karnataka,3.17,2024-07-23
4801,Seller_04801,Bengaluru,West Bengal,4.01,2022-10-30
4802,Seller_04802,Mumbai,Delhi,3.4,2023-01-23
4803,Seller_04803,Imphal,Maharashtra,3.9,2022-04-17
4804,Seller_04804,Imphal,Assam,3.57,2021-08-19
4805,Seller_04805,Mumbai,West Bengal,3.86,2020-06-06
4806,Seller_04806,Jaipur,Tamil Nadu,3.46,2020-03-05
4807,Seller_04807,Guwahati,Karnataka,2.92,2020-06-04
4808,Seller_04808,Bengaluru,Assam,4.12,2025-04-22
4809,Seller_04809,Jaipur,West Bengal,4.2,2025-11-09
4810,Seller_04810,Mumbai,Karnataka,3.84,2024-12-13
4811,Seller_04811,Hyderabad,Karnataka,4.13,2021-05-06
4812,Seller_04812,Guwahati,West Bengal,4.23,2024-10-04
4813,Seller_04813,Jaipur,West Bengal,4.23,2020-05-26
4814,Seller_04814,Mumbai,Rajasthan,3.52,2023-05-05
4815,Seller_04815,Delhi,Delhi,4.24,2023-07-05
4816,Seller_04816,Bengaluru,Assam,4.51,2022-03-24
4817,Seller_04817,Hyderabad,Karnataka,4.1,2025-11-21
4818,Seller_04818,Pune,Rajasthan,4.29,2024-12-05
4819,Seller_04819,Kolkata,Karnataka,4.8,2020-08-09
4820,Seller_04820,Delhi,Assam,4.13,2024-12-11
4821,Seller_04821,Guwahati,Rajasthan,3.36,2023-08-16
4822,Seller_04822,Pune,Rajasthan,4.97,2021-08-28
4823,Seller_04823,Mumbai,Assam,3.45,2021-07-31
4824,Seller_04824,Imphal,Tamil Nadu,4.21,2023-11-27
4825,Seller_04825,Mumbai,West Bengal,4.48,2024-11-06
4826,Seller_04826,Pune,Manipur,3.36,2020-06-22
4827,Seller_04827,Mumbai,West Bengal,4.77,2025-07-21
4828,Seller_04828,Bengaluru,Delhi,3.94,2020-07-01
4829,Seller_04829,Jaipur,Karnataka,4.62,2021-12-04
4830,Seller_04830,Jaipur,Rajasthan,4.51,2025-05-07
4831,Seller_04831,Bengaluru,Manipur,4.39,2020-06-17
4832,Seller_04832,Delhi,Maharashtra,4.01,2025-04-27
4833,Seller_04833,Guwahati,Assam,4.05,2024-11-28
4834,Seller_04834,Pune,Karnataka,4.02,2024-08-03
4835,Seller_04835,Guwahati,Tamil Nadu,3.33,2024-04-22
4836,Seller_04836,Chennai,Maharashtra,4.57,2025-07-18
4837,Seller_04837,Jaipur,Karnataka,4.06,2024-09-20
4838,Seller_04838,Mumbai,Telangana,3.51,2022-05-05
4839,Seller_04839,Jaipur,Tamil Nadu,3.92,2022-04-28
4840,Seller_04840,Delhi,Delhi,3.87,2022-10-10
4841,Seller_04841,Delhi,West Bengal,3.46,2021-06-18
4842,Seller_04842,Chennai,Tamil Nadu,3.81,2024-06-25
4843,Seller_04843,Kolkata,Rajasthan,3.71,2025-10-17
4844,Seller_04844,Kolkata,Manipur,4.27,2022-06-25
4845,Seller_04845,Bengaluru,Karnataka,3.35,2025-05-20
4846,Seller_04846,Imphal,Assam,3.76,2025-04-16
4847,Seller_04847,Mumbai,Tamil Nadu,4.71,2023-10-16
4848,Seller_04848,Mumbai,Manipur,4.18,2024-12-15
4849,Seller_04849,Pune,West Bengal,4.72,2025-08-28
4850,Seller_04850,Guwahati,Telangana,3.64,2024-12-13
4851,Seller_04851,Mumbai,Telangana,4.27,2021-06-23
4852,Seller_04852,Chennai,Karnataka,3.71,2022-11-29
4853,Seller_04853,Delhi,Delhi,3.66,2022-01-24
4854,Seller_04854,Chennai,Telangana,3.43,2025-11-13
4855,Seller_04855,Chennai,Assam,3.97,2025-05-23
4856,Seller_04856,Jaipur,West Bengal,3.83,2024-05-22
4857,Seller_04857,Mumbai,Manipur,4.71,2025-11-24
4858,Seller_04858,Guwahati,West Bengal,3.96,2020-08-25
4859,Seller_04859,Bengaluru,Assam,4.04,2023-03-01
4860,Seller_04860,Delhi,Rajasthan,4.1,2023-09-08
4861,Seller_04861,Guwahati,Telangana,4.91,2021-12-01
4862,Seller_04862,Bengaluru,Delhi,4.42,2022-11-09
4863,Seller_04863,Chennai,Telangana,4.03,2021-11-01
4864,Seller_04864,Bengaluru,Assam,3.98,2025-02-27
4865,Seller_04865,Kolkata,Rajasthan,4.81,2024-06-10
4866,Seller_04866,Mumbai,Tamil Nadu,4.62,2021-09-19
4867,Seller_04867,Bengaluru,Delhi,3.73,2023-12-14
4868,Seller_04868,Imphal,Tamil Nadu,4.71,2025-07-24
4869,Seller_04869,Kolkata,Maharashtra,4.1,2022-01-12
4870,Seller_04870,Guwahati,Rajasthan,5.0,2025-04-04
4871,Seller_04871,Chennai,West Bengal,3.12,2024-04-23
4872,Seller_04872,Chennai,West Bengal,3.62,2020-10-23
4873,Seller_04873,Jaipur,Maharashtra,4.41,2025-06-12
4874,Seller_04874,Delhi,Assam,4.32,2023-11-17
4875,Seller_04875,Delhi,Karnataka,4.22,2021-10-01
4876,Seller_04876,Jaipur,Manipur,3.9,2025-03-27
4877,Seller_04877,Guwahati,West Bengal,3.92,2021-01-16
4878,Seller_04878,Jaipur,Karnataka,3.81,2021-12-07
4879,Seller_04879,Mumbai,Manipur,4.35,2022-10-06
4880,Seller_04880,Chennai,Telangana,4.68,2024-12-08
4881,Seller_04881,Pune,Maharashtra,4.08,2025-02-16
4882,Seller_04882,Hyderabad,Assam,4.24,2023-12-15
4883,Seller_04883,Chennai,Maharashtra,3.87,2023-07-23
4884,Seller_04884,Guwahati,West Bengal,4.01,2023-07-24
4885,Seller_04885,Delhi,Maharashtra,3.34,2022-02-01
4886,Seller_04886,Pune,Manipur,4.55,2022-11-17
4887,Seller_04887,Bengaluru,West Bengal,3.57,2023-03-26
4888,Seller_04888,Chennai,Telangana,3.61,2024-06-11
4889,Seller_04889,Bengaluru,Delhi,5.0,2020-06-13
4890,Seller_04890,Chennai,Manipur,3.55,2025-01-18
4891,Seller_04891,Hyderabad,West Bengal,4.9,2020-06-06
4892,Seller_04892,Bengaluru,Manipur,4.12,2025-04-12
4893,Seller_04893,Imphal,West Bengal,4.51,2025-06-09
4894,Seller_04894,Hyderabad,Manipur,4.0,2025-06-03
4895,Seller_04895,Jaipur,Maharashtra,4.61,2021-08-30
4896,Seller_04896,Chennai,Manipur,4.15,2021-11-03
4897,Seller_04897,Bengaluru,West Bengal,4.57,2020-12-15
4898,Seller_04898,Jaipur,Tamil Nadu,4.53,2022-12-28
4899,Seller_04899,Mumbai,Rajasthan,4.57,2023-08-02
4900,Seller_04900,Imphal,Rajasthan,4.89,2022-01-01
4901,Seller_04901,Delhi,Manipur,4.63,2024-04-11
4902,Seller_04902,Pune,Delhi,4.48,2025-07-05
4903,Seller_04903,Delhi,Telangana,3.11,2024-05-01
4904,Seller_04904,Hyderabad,Manipur,4.93,2022-05-01
4905,Seller_04905,Chennai,Telangana,3.94,2023-02-19
4906,Seller_04906,Imphal,Delhi,4.02,2025-06-29
4907,Seller_04907,Guwahati,Delhi,4.26,2025-11-09
4908,Seller_04908,Mumbai,Assam,3.32,2020-01-19
4909,Seller_04909,Bengaluru,Delhi,3.25,2021-01-11
4910,Seller_04910,Guwahati,Maharashtra,3.55,2024-09-02
4911,Seller_04911,Kolkata,Karnataka,4.38,2023-04-08
4912,Seller_04912,Hyderabad,Assam,4.34,2021-03-05
4913,Seller_04913,Guwahati,Delhi,4.07,2020-02-11
4914,Seller_04914,Delhi,Delhi,4.84,2022-02-07
4915,Seller_04915,Delhi,Maharashtra,5.0,2025-03-08
4916,Seller_04916,Delhi,Assam,4.58,2023-07-14
4917,Seller_04917,Delhi,Rajasthan,4.24,2022-10-20
4918,Seller_04918,Pune,Manipur,3.01,2020-07-20
4919,Seller_04919,Bengaluru,Manipur,4.12,2022-07-07
4920,Seller_04920,Guwahati,West Bengal,3.63,2025-12-17
4921,Seller_04921,Mumbai,West Bengal,4.78,2024-11-10
4922,Seller_04922,Imphal,Rajasthan,4.59,2021-10-08
4923,Seller_04923,Jaipur,Manipur,5.0,2020-10-27
4924,Seller_04924,Mumbai,West Bengal,4.75,2025-11-09
4925,Seller_04925,Chennai,Telangana,3.84,2020-05-26
4926,Seller_04926,Delhi,Telangana,3.26,2024-12-25
4927,Seller_04927,Bengaluru,Tamil Nadu,3.9,2021-12-23
4928,Seller_04928,Delhi,Delhi,3.75,2021-03-10
4929,Seller_04929,Hyderabad,West Bengal,4.0,2023-11-19
4930,Seller_04930,Kolkata,Karnataka,4.78,2023-09-01
4931,Seller_04931,Chennai,Telangana,4.71,2024-11-22
4932,Seller_04932,Hyderabad,West Bengal,3.4,2024-01-16
4933,Seller_04933,Imphal,Maharashtra,3.29,2020-08-17
4934,Seller_04934,Pune,Telangana,3.52,2021-11-04
4935,Seller_04935,Hyderabad,Maharashtra,4.13,2024-09-25
4936,Seller_04936,Imphal,Manipur,3.91,2025-10-04
4937,Seller_04937,Pune,Manipur,3.71,2020-05-30
4938,Seller_04938,Chennai,Telangana,3.67,2021-09-23
4939,Seller_04939,Kolkata,Manipur,4.28,2023-10-12
4940,Seller_04940,Jaipur,Rajasthan,3.56,2020-07-08
4941,Seller_04941,Kolkata,Rajasthan,4.61,2021-05-24
4942,Seller_04942,Kolkata,Maharashtra,3.82,2025-06-29
4943,Seller_04943,Jaipur,Telangana,3.24,2020-03-16
4944,Seller_04944,Guwahati,West Bengal,4.25,2024-07-22
4945,Seller_04945,Jaipur,West Bengal,4.4,2024-12-05
4946,Seller_04946,Delhi,Tamil Nadu,3.7,2025-04-14
4947,Seller_04947,Chennai,Maharashtra,3.9,2020-06-27
4948,Seller_04948,Chennai,Karnataka,4.15,2025-12-31
4949,Seller_04949,Bengaluru,Telangana,4.36,2024-09-07
4950,Seller_04950,Hyderabad,Telangana,3.29,2021-05-12
4951,Seller_04951,Chennai,Delhi,3.75,2024-11-27
4952,Seller_04952,Hyderabad,Delhi,4.16,2021-06-16
4953,Seller_04953,Imphal,West Bengal,4.51,2023-04-04
4954,Seller_04954,Imphal,Manipur,3.91,2024-11-16
4955,Seller_04955,Kolkata,Telangana,4.91,2023-05-19
4956,Seller_04956,Kolkata,West Bengal,4.15,2021-07-27
4957,Seller_04957,Chennai,Manipur,3.86,2022-03-25
4958,Seller_04958,Imphal,Karnataka,3.93,2025-01-27
4959,Seller_04959,Chennai,Assam,4.0,2022-06-15
4960,Seller_04960,Delhi,Karnataka,3.72,2025-08-14
4961,Seller_04961,Mumbai,Maharashtra,4.58,2023-10-28
4962,Seller_04962,Imphal,Rajasthan,3.85,2020-09-16
4963,Seller_04963,Pune,Tamil Nadu,4.51,2023-07-25
4964,Seller_04964,Hyderabad,West Bengal,4.41,2021-11-08
4965,Seller_04965,Chennai,Tamil Nadu,4.14,2021-03-07
4966,Seller_04966,Mumbai,Tamil Nadu,4.0,2020-11-14
4967,Seller_04967,Imphal,Rajasthan,4.3,2022-06-29
4968,Seller_04968,Chennai,Assam,3.49,2022-05-04
4969,Seller_04969,Pune,Delhi,4.49,2021-01-29
4970,Seller_04970,Pune,Karnataka,4.41,2021-04-22
4971,Seller_04971,Imphal,West Bengal,4.7,2020-10-13
4972,Seller_04972,Bengaluru,Delhi,4.16,2022-09-12
4973,Seller_04973,Chennai,Assam,3.32,2025-09-25
4974,Seller_04974,Jaipur,Manipur,3.93,2025-06-25
4975,Seller_04975,Pune,Delhi,2.96,2021-11-11
4976,Seller_04976,Guwahati,Karnataka,4.27,2025-05-06
4977,Seller_04977,Hyderabad,Karnataka,3.76,2025-08-15
4978,Seller_04978,Hyderabad,West Bengal,3.33,2022-02-15
4979,Seller_04979,Bengaluru,West Bengal,5.0,2025-11-03
4980,Seller_04980,Pune,Karnataka,3.63,2022-07-28
4981,Seller_04981,Pune,West Bengal,4.38,2024-06-17
4982,Seller_04982,Delhi,Rajasthan,3.96,2021-08-15
4983,Seller_04983,Kolkata,Assam,4.34,2021-10-23
4984,Seller_04984,Hyderabad,West Bengal,4.34,2022-07-03
4985,Seller_04985,Mumbai,Manipur,4.38,2025-07-30
4986,Seller_04986,Imphal,Assam,4.51,2022-12-27
4987,Seller_04987,Imphal,Delhi,4.38,2025-05-13
4988,Seller_04988,Hyderabad,Karnataka,4.4,2022-08-17
4989,Seller_04989,Hyderabad,Telangana,4.02,2022-02-18
4990,Seller_04990,Bengaluru,Rajasthan,3.65,2022-02-01
4991,Seller_04991,Mumbai,Rajasthan,4.36,2021-10-29
4992,Seller_04992,Imphal,Maharashtra,4.65,2023-04-14
4993,Seller_04993,Hyderabad,Tamil Nadu,4.05,2025-07-08
4994,Seller_04994,Chennai,Tamil Nadu,4.9,2020-12-09
4995,Seller_04995,Chennai,Assam,4.49,2023-02-12
4996,Seller_04996,Guwahati,Telangana,3.7,2023-02-26
4997,Seller_04997,Guwahati,West Bengal,2.93,2025-04-28
4998,Seller_04998,Chennai,Delhi,4.3,2025-05-22
4999,Seller_04999,Delhi,West Bengal,4.25,2025-07-28
5000,Seller_05000,Hyderabad,Delhi,4.09,2020-05-08
